id,title_bg,title_en,year,year_end,era,category,source_count,conflict_notes_bg,conflict_notes_en,person_ids,place_ids,organization_ids,source_ids
event-prehistory-settlement,Едно от най-старите селища в света,One of the world's oldest settlements,-6000,,prehistory,historical_timeline,2,,,,place-old-town|place-plovdiv-city|place-seven-hills,,source-wikipedia-plovdiv|source-visit-plovdiv-the-antique-plovdiv
event-thracian-eumolpias,Тракийският град Евмолпия,The Thracian town of Eumolpias,-500,,thracian,historical_timeline,2,,,,place-nebet-tepe|place-seven-hills,,source-wikipedia-plovdiv|source-visit-plovdiv-the-antique-plovdiv
event-philip-philippopolis,Филип II и Филипопол,Philip II and Philippopolis,-342,,thracian,historical_timeline,2,,,,,,source-wikipedia-plovdiv|source-visit-plovdiv-the-antique-plovdiv
event-roman-trimontium,Тримонциум — част от Римската империя,Trimontium joins the Roman Empire,46,,roman,historical_timeline,1,,,,place-seven-hills,org-regional-history-museum-plovdiv,source-wikipedia-plovdiv
event-roman-theatre,Изграждане на Античния театър,The Roman theatre is built,95,,roman,historical_timeline,2,,,,place-ancient-theatre,org-regional-history-museum-plovdiv,source-wikipedia-plovdiv|source-visit-plovdiv-ancient-theatre
event-roman-stadium,Изграждане на Античния стадион,The Roman stadium is built,130,,roman,historical_timeline,2,,,,place-ancient-stadium,,source-wikipedia-plovdiv|source-ancient-stadium-of-philippopolis-site-history
event-goths-250,Опожаряване от готите,Sacked by the Goths,250,,roman,historical_timeline,1,,,,,,source-wikipedia-plovdiv
event-huns-441,Разрушение от хуните,Destroyed by the Huns,441,,roman,historical_timeline,1,,,,,,source-wikipedia-plovdiv
event-krum-812,Хан Крум превзема града,Khan Krum takes the city,812,,medieval,historical_timeline,1,,,,,,source-wikipedia-plovdiv
event-malamir-834,В пределите на България,Into the Bulgarian Empire,834,,medieval,historical_timeline,1,,,,,,source-wikipedia-plovdiv
event-barbarossa-1189,Третият кръстоносен поход,The Third Crusade,1189,,medieval,historical_timeline,1,,,,,,source-wikipedia-plovdiv
event-ivan-asen-1230,Иван Асен II си връща града,Ivan Asen II reclaims the city,1230,,medieval,historical_timeline,1,,,,,,source-wikipedia-plovdiv
event-bulgaria-1323,Окончателно българско владение,Definitive Bulgarian rule,1323,,medieval,historical_timeline,1,,,,,,source-wikipedia-plovdiv
event-ottoman-1364,Османско завладяване — Филибе,Ottoman conquest — Filibe,1364,,ottoman,historical_timeline,1,,,,place-plovdiv-city,,source-wikipedia-plovdiv
event-birth-haf-z-ahmed-pasha-q367949,Раждане на Хафъз Ахмед паша,Birth of Hafız Ahmed Pasha,1564,,ottoman,notable_person_birth,1,,,person-haf-z-ahmed-pasha-q367949,place-plovdiv-city,,source-wikipedia-haf-z-ahmed-pasha
event-birth-eugenius-ii-of-constantinople-q1884172,Раждане на Евгений II Константинополски,Birth of Eugenius II of Constantinople,1780,,revival,notable_person_birth,1,,,person-eugenius-ii-of-constantinople-q1884172,place-plovdiv-city,,source-wikipedia-eugenius-ii-of-constantinople
event-birth-georgios-kleovoulos-q18912873,Раждане на Георгиос Клеовулос,Birth of Georgios Kleovoulos,1785,,revival,notable_person_birth,1,,,person-georgios-kleovoulos-q18912873,place-plovdiv-city,,source-wikipedia-georgios-kleovoulos
event-first-school-1836,Първото българско училище,The first Bulgarian school,1836,,revival,historical_timeline,1,,,,,,source-wikipedia-plovdiv
event-birth-ivan-evstratiev-geshov-q523393,Раждане на Иван Евстратиев Гешов,Birth of Ivan Evstratiev Geshov,1849,,revival,notable_person_birth,1,,,person-ivan-evstratiev-geshov-q523393,place-plovdiv-city,,source-wikipedia-ivan-evstratiev-geshov
event-birth-konstantin-stoilov-q523488,Раждане на Константин Стоилов,Birth of Konstantin Stoilov,1853,,revival,notable_person_birth,1,,,person-konstantin-stoilov-q523488,place-plovdiv-city,,source-wikipedia-konstantin-stoilov
event-bulgarian-liturgy-1858,Литургия на български език,Liturgy in Bulgarian,1858,,revival,historical_timeline,1,,,,,,source-wikipedia-plovdiv
event-birth-sehbenderzade-ahmed-hilmi-q4695337,Раждане на Ахмед Хилми от Пловдив,Birth of Şehbenderzade Ahmed Hilmi,1865,,revival,notable_person_birth,1,,,person-sehbenderzade-ahmed-hilmi-q4695337,place-plovdiv-city,,source-wikipedia-ahmed-hilmi-of-filibe
event-birth-mary-m-haskell-q27881208,Раждане на Мери Хаскел,Birth of Mary M. Haskell,1869,,revival,notable_person_birth,1,,,person-mary-m-haskell-q27881208,place-plovdiv-city,,source-wikipedia-mary-m-haskell
event-birth-panayot-pipkov-q2048895,Раждане на Панайот Пипков,Birth of Panayot Pipkov,1871,,revival,notable_person_birth,1,,,person-panayot-pipkov-q2048895,place-plovdiv-city,,source-wikipedia-panayot-pipkov
event-birth-maria-toromanova-hmelik-q19902875,Раждане на Мария Тороманова-Хмелик,Birth of Maria Toromanova-Hmelik,1876,,revival,notable_person_birth,1,,,person-maria-toromanova-hmelik-q19902875,place-plovdiv-city,,source-wikipedia-maria-toromanova-hmelik
event-birth-christos-tsigiridis-q5113595,Раждане на Христос Цигиридис,Birth of Christos Tsigiridis,1877,,revival,notable_person_birth,1,,,person-christos-tsigiridis-q5113595,place-plovdiv-city,,source-wikipedia-christos-tsigiridis
event-birth-mihail-gerdzhikov-q439762,Раждане на Михаил Герджиков,Birth of Mihail Gerdzhikov,1877,,revival,notable_person_birth,1,,,person-mihail-gerdzhikov-q439762,place-plovdiv-city,,source-wikipedia-mihail-gerdzhikov
event-birth-bigal-mehmet-cavus-q40091527,Раждане на Бигалъ Мехмет Чавуш,Birth of Bigalı Mehmet Çavuş,1878,,liberation,notable_person_birth,1,,,person-bigal-mehmet-cavus-q40091527,place-plovdiv-city,,source-wikipedia-bigal-mehmet-cavus
event-liberation-1878,Освобождение,Liberation,1878,,liberation,historical_timeline,2,"Датата изисква редакторски преглед: основният обобщаващ запис използва 17 януари 1878 г., а Регионалният исторически музей - Пловдив представя освобождението като 16 януари 1878 г.","The date needs editorial review: the primary summary record uses 17 January 1878, while the Regional History Museum Plovdiv presents the liberation as 16 January 1878.",,,,source-wikipedia-plovdiv|source-regional-history-museum-plovdiv-the-liberation-of-plovdiv
event-mayor-01-atanas-samokovliev,Кмет: Атанас Самоковлиев,Mayor: Atanas Samokovliev,1878,1878,liberation,mayor_term,1,,,person-atanas-samokovliev,place-plovdiv-city,org-plovdiv-municipality,source-plovdiv-mayor-archive
event-mayor-02-kostaki-peev,Кмет: Костаки Пеев,Mayor: Kostaki Peev,1878,1880,liberation,mayor_term,1,,,person-kostaki-peev,place-plovdiv-city,org-plovdiv-municipality,source-plovdiv-mayor-archive
event-eastern-rumelia-1878,Столица на Източна Румелия,Capital of Eastern Rumelia,1879,,liberation,historical_timeline,1,,,,place-plovdiv-city,,source-wikipedia-plovdiv
event-birth-enis-akaygen-q6067938,Раждане на Енис Акайген,Birth of Enis Akaygen,1880,,liberation,notable_person_birth,1,,,person-enis-akaygen-q6067938,place-plovdiv-city,,source-wikipedia-enis-akaygen
event-mayor-03-ivan-stefanov-geshov,Кмет: Иван Стефанов Гешов,Mayor: Ivan Stefanov Geshov,1880,1883,liberation,mayor_term,1,,,person-ivan-stefanov-geshov,place-plovdiv-city,org-plovdiv-municipality,source-plovdiv-mayor-archive
event-birth-ali-r-za-artunkal-q6086393,Раждане на Али Ръза Артунгкал,Birth of Ali Rıza Artunkal,1881,,liberation,notable_person_birth,1,,,person-ali-r-za-artunkal-q6086393,place-plovdiv-city,,source-wikipedia-ali-r-za-artunkal
event-birth-elisaveta-konsulova-vazova-q12279745,Раждане на Елисавета Консулова-Вазова,Birth of Elisaveta Konsulova-Vazova,1881,,liberation,notable_person_birth,1,,,person-elisaveta-konsulova-vazova-q12279745,place-plovdiv-city,,source-wikipedia-elisaveta-konsulova-vazova
event-birth-georgi-atanasov-q5547103,Раждане на Георги Атанасов,Birth of Georgi Atanasov,1882,,liberation,notable_person_birth,1,,,person-georgi-atanasov-q5547103,place-plovdiv-city,,source-wikipedia-georgi-atanasov
event-mayor-04-d-r-sotir-antoniadi,Кмет: д-р Сотир Антониади,Mayor: Dr. Sotir Antoniadi,1883,1883,liberation,mayor_term,1,,,person-d-r-sotir-antoniadi,place-plovdiv-city,org-plovdiv-municipality,source-plovdiv-mayor-archive
event-mayor-05-petko-karavelov,Кмет: Петко Каравелов,Mayor: Petko Karavelov,1883,1884,liberation,mayor_term,1,,,person-petko-karavelov,place-plovdiv-city,org-plovdiv-municipality,source-plovdiv-mayor-archive
event-birth-josaphat-chichkov-q6279177,Раждане на Йосафат Шишков,Birth of Josaphat Chichkov,1884,,liberation,notable_person_birth,1,,,person-josaphat-chichkov-q6279177,place-plovdiv-city,,source-wikipedia-josaphat-chichkov
event-mayor-06-hafuz-ahmed-efendi,Кмет: Хафуз Ахмед ефенди,Mayor: Hafuz Ahmed Efendi,1884,1884,liberation,mayor_term,1,,,person-hafuz-ahmed-efendi,place-plovdiv-city,org-plovdiv-municipality,source-plovdiv-mayor-archive
event-mayor-07-kostaki-peev,Кмет: Костаки Пеев,Mayor: Kostaki Peev,1884,1887,liberation,mayor_term,1,,,person-kostaki-peev,place-plovdiv-city,org-plovdiv-municipality,source-plovdiv-mayor-archive
event-unification-1885,Съединението на България,The Unification of Bulgaria,1885,,liberation,historical_timeline,2,,,,place-plovdiv-city,,source-wikipedia-plovdiv|source-museu-ms-the-unification-of-bulgaria-of-1885
event-mayor-08-hristo-dyukmedzhiev,Кмет: Христо Дюкмеджиев,Mayor: Hristo Dyukmedzhiev,1887,1890,modern,mayor_term,1,,,person-hristo-dyukmedzhiev,place-plovdiv-city,org-plovdiv-municipality,source-plovdiv-mayor-archive
event-birth-aleksandra-monedzhikova-q28324141,Раждане на Александра Монеджикова,Birth of Aleksandra Monedzhikova,1889,,modern,notable_person_birth,1,,,person-aleksandra-monedzhikova-q28324141,place-plovdiv-city,,source-wikipedia-aleksandra-monedzhikova
event-birth-boris-grezhov-q12273675,Раждане на Борис Грежов,Birth of Boris Grezhov,1889,,modern,notable_person_birth,1,,,person-boris-grezhov-q12273675,place-plovdiv-city,,source-wikipedia-boris-grezov
event-birth-pavel-patev-q12289650,Раждане на Павел Патев,Birth of Pavel Patev,1889,,modern,notable_person_birth,1,,,person-pavel-patev-q12289650,place-plovdiv-city,,source-wikipedia-pavel-patev
event-birth-stoyan-zagorchinov-q3492916,Раждане на Стоян Загорчинов,Birth of Stoyan Zagorchinov,1889,,modern,notable_person_birth,1,,,person-stoyan-zagorchinov-q3492916,place-plovdiv-city,,source-wikipedia-stoyan-zagorchinov
event-birth-konstantin-lukash-q4268731,Раждане на Константин Лукаш,Birth of Konstantin Lukash,1890,,modern,notable_person_birth,1,,,person-konstantin-lukash-q4268731,place-plovdiv-city,,source-wikipedia-konstantin-lukash
event-mayor-09-dimitr-sveshtarov,Кмет: Димитър Свещаров,Mayor: Dimitar Sveshtarov,1890,1893,modern,mayor_term,1,,,person-dimitar-sveshtarov,place-plovdiv-city,org-plovdiv-municipality,source-plovdiv-mayor-archive
event-birth-kemal-yas-nk-l-c-q19611675,Раждане на Кемал Яшънкълъч,Birth of Kemal Yaşınkılıç,1891,,modern,notable_person_birth,1,,,person-kemal-yas-nk-l-c-q19611675,place-plovdiv-city,,source-wikipedia-kemal-yas-nk-l-c
event-event-1892-first-exposition,Първо българско земеделско-промишлено изложение,First Bulgarian Agricultural and Industrial Exhibition,1892,1892,modern,historical_event,1,,,,place-plovdiv-city,org-international-fair-plovdiv,source-international-fair-plovdiv-1892
event-fair-1892,Първото международно изложение,The first international fair,1892,,modern,historical_timeline,2,,,,place-plovdiv-city,org-international-fair-plovdiv,source-bta-august-15-1892-first-agricultural-and-industrial-exhibition-in-bulgaria-open|source-international-fair-plovdiv-1892
event-mayor-10-stefan-kalchev,Кмет: Стефан Калчев,Mayor: Stefan Kalchev,1893,1893,modern,mayor_term,1,,,person-stefan-kalchev,place-plovdiv-city,org-plovdiv-municipality,source-plovdiv-mayor-archive
event-mayor-11-angel-semerdzhiev,Кмет: Ангел Семерджиев,Mayor: Angel Semerdzhiev,1893,1893,modern,mayor_term,1,,,person-angel-semerdzhiev,place-plovdiv-city,org-plovdiv-municipality,source-plovdiv-mayor-archive
event-mayor-12-konstantin-hadzhikalchov,Кмет: Константин Хаджикалчов,Mayor: Konstantin Hadzhikalchov,1893,1893,modern,mayor_term,1,,,person-konstantin-hadzhikalchov,place-plovdiv-city,org-plovdiv-municipality,source-plovdiv-mayor-archive
event-mayor-13-mancho-manev,Кмет: Манчо Манев,Mayor: Mancho Manev,1893,1894,modern,mayor_term,1,,,person-mancho-manev,place-plovdiv-city,org-plovdiv-municipality,source-plovdiv-mayor-archive
event-birth-armand-tokatyan-q4792706,Раждане на Арманд Токатян,Birth of Armand Tokatyan,1894,,modern,notable_person_birth,1,,,person-armand-tokatyan-q4792706,place-plovdiv-city,,source-wikipedia-armand-tokatyan
event-mayor-14-nikola-chalkov,Кмет: Никола Чалъков,Mayor: Nikola Chalakov,1894,1894,modern,mayor_term,1,,,person-nikola-chalakov,place-plovdiv-city,org-plovdiv-municipality,source-plovdiv-mayor-archive
event-mayor-15-mihail-madzharov,Кмет: Михаил Маджаров,Mayor: Mihail Madzharov,1894,1894,modern,mayor_term,1,,,person-mihail-madzharov,place-plovdiv-city,org-plovdiv-municipality,source-plovdiv-mayor-archive
event-mayor-16-danail-yurukov,Кмет: Данаил Юруков,Mayor: Danail Yurukov,1894,1896,modern,mayor_term,1,,,person-danail-yurukov,place-plovdiv-city,org-plovdiv-municipality,source-plovdiv-mayor-archive
event-birth-apostolos-nikolaidis-q331223,Раждане на Апостолос Николаидис,Birth of Apostolos Nikolaidis,1896,,modern,notable_person_birth,1,,,person-apostolos-nikolaidis-q331223,place-plovdiv-city,,source-wikipedia-apostolos-nikolaidis
event-birth-tsanko-lavrenov-q7849377,Раждане на Цанко Лавренов,Birth of Tsanko Lavrenov,1896,,modern,notable_person_birth,1,,,person-tsanko-lavrenov-q7849377,place-plovdiv-city,,source-wikipedia-tsanko-lavrenov
event-mayor-17-hristo-g-danov,Кмет: Христо Г. Данов,Mayor: Hristo G. Danov,1896,1899,modern,mayor_term,1,,,person-hristo-g-danov,place-plovdiv-city,org-plovdiv-municipality,source-plovdiv-mayor-archive
event-finance-1897-bnb-refinance-loan,"Разрешен, но нереализиран заем от БНБ за рефинансиране на общинския дълг",Authorised but unrealised BNB refinancing loan for municipal debt,1897,1897,modern,historical_finance,1,,,,place-plovdiv-city,org-plovdiv-municipality|org-regional-history-museum-plovdiv,source-rim-plovdiv-municipality-1886-1944
event-finance-1898-actual-revenue,Реални приходи през 1898 г.,Actual revenue in 1898,1898,1898,modern,historical_finance,1,,,,place-plovdiv-city,org-plovdiv-municipality|org-regional-history-museum-plovdiv,source-rim-plovdiv-municipality-1886-1944
event-finance-1898-planned-budget,Бюджет на Пловдив за 1898 г.,Plovdiv budget for 1898,1898,1898,modern,historical_finance,1,,,,place-plovdiv-city,org-plovdiv-municipality|org-regional-history-museum-plovdiv,source-rim-plovdiv-municipality-1886-1944
event-finance-1899-actual-revenue,Неизпълнени приходи през 1899 г.,Under-collected revenue in 1899,1899,1899,modern,historical_finance,1,,,,place-plovdiv-city,org-plovdiv-municipality|org-regional-history-museum-plovdiv,source-rim-plovdiv-municipality-1886-1944
event-mayor-18-nikola-chalkov,Кмет: Никола Чалъков,Mayor: Nikola Chalakov,1899,1901,modern,mayor_term,1,,,person-nikola-chalakov,place-plovdiv-city,org-plovdiv-municipality,source-plovdiv-mayor-archive
event-mayor-19-dragan-manchov,Кмет: Драган Манчов,Mayor: Dragan Manchov,1901,1901,modern,mayor_term,1,,,person-dragan-manchov,place-plovdiv-city,org-plovdiv-municipality,source-plovdiv-mayor-archive
event-mayor-20-d-r-hristo-tanchev,Кмет: д-р Христо Танчев,Mayor: Dr. Hristo Tanchev,1901,1902,modern,mayor_term,1,,,person-d-r-hristo-tanchev,place-plovdiv-city,org-plovdiv-municipality,source-plovdiv-mayor-archive
event-mayor-21-georgi-dzhevizov,Кмет: Георги Джевизов,Mayor: Georgi Dzhevizov,1902,1903,modern,mayor_term,1,,,person-georgi-dzhevizov,place-plovdiv-city,org-plovdiv-municipality,source-plovdiv-mayor-archive
event-mayor-22-hristo-milev,Кмет: Христо Милев,Mayor: Hristo Milev,1903,1905,modern,mayor_term,1,,,person-hristo-milev,place-plovdiv-city,org-plovdiv-municipality,source-plovdiv-mayor-archive
event-birth-georgi-karaslavov-q3622160,Раждане на Георги Караславов,Birth of Georgi Karaslavov,1904,,modern,notable_person_birth,1,,,person-georgi-karaslavov-q3622160,place-plovdiv-city,,source-wikipedia-georgi-karaslavov
event-mayor-23-nikola-chalkov,Кмет: Никола Чалъков,Mayor: Nikola Chalakov,1905,1906,modern,mayor_term,1,,,person-nikola-chalakov,place-plovdiv-city,org-plovdiv-municipality,source-plovdiv-mayor-archive
event-birth-edward-haskell-q5343358,Раждане на Едуард Фрьолих Хаскел,Birth of Edward Haskell,1906,,modern,notable_person_birth,1,,,person-edward-haskell-q5343358,place-plovdiv-city,,source-wikipedia-edward-haskell
event-mayor-24-vlko-shopov,Кмет: Вълко Шопов,Mayor: Valko Shopov,1906,1908,modern,mayor_term,1,,,person-valko-shopov,place-plovdiv-city,org-plovdiv-municipality,source-plovdiv-mayor-archive
event-birth-boyan-petkanchin-q12273874,Раждане на Боян Петканчин,Birth of Boyan Petkanchin,1907,,modern,notable_person_birth,1,,,person-boyan-petkanchin-q12273874,place-plovdiv-city,,source-wikipedia-boyan-petkanchin
event-mayor-25-d-r-ivan-kesyakov,Кмет: д-р Иван Кесяков,Mayor: Dr. Ivan Kesyakov,1908,1912,modern,mayor_term,1,,,person-d-r-ivan-kesyakov,place-plovdiv-city,org-plovdiv-municipality,source-plovdiv-mayor-archive
event-birth-henri-calef-q3130778,Раждане на Анри Калеф,Birth of Henri Calef,1910,,modern,notable_person_birth,1,,,person-henri-calef-q3130778,place-plovdiv-city,,source-wikipedia-henri-calef
event-birth-keraca-visulceva-q3397196,Раждане на Кераца Висулчева,Birth of Keraca Visulceva,1911,,modern,notable_person_birth,1,,,person-keraca-visulceva-q3397196,place-plovdiv-city,,source-wikipedia-keraca-visulceva
event-birth-mara-maleeva-zhivkova-q11767290,Раждане на Мара Малеева-Живкова,Birth of Mara Maleeva-Zhivkova,1911,,modern,notable_person_birth,1,,,person-mara-maleeva-zhivkova-q11767290,place-plovdiv-city,,source-wikipedia-mara-maleeva-zhivkova
event-mayor-26-georgi-dzhevizov,Кмет: Георги Джевизов,Mayor: Georgi Dzhevizov,1912,1912,modern,mayor_term,1,,,person-georgi-dzhevizov,place-plovdiv-city,org-plovdiv-municipality,source-plovdiv-mayor-archive
event-mayor-27-nikola-kozarev,Кмет: Никола Козарев,Mayor: Nikola Kozarev,1912,1914,modern,mayor_term,1,,,person-nikola-kozarev,place-plovdiv-city,org-plovdiv-municipality,source-plovdiv-mayor-archive
event-birth-bogdan-stefanov-dobranov-q4937469,Раждане на Богдан Добранов,Birth of Bogdan Stefanov Dobranov,1914,,modern,notable_person_birth,1,,,person-bogdan-stefanov-dobranov-q4937469,place-plovdiv-city,,source-wikipedia-bogdan-stefanov-dobranov
event-birth-boris-christoff-q362106,Раждане на Борис Христов,Birth of Boris Christoff,1914,,modern,notable_person_birth,1,,,person-boris-christoff-q362106,place-plovdiv-city,,source-wikipedia-boris-christoff
event-birth-ivan-kostov-nikolov-q6096688,Раждане на Иван Костов,Birth of Ivan Kostov Nikolov,1914,,modern,notable_person_birth,1,,,person-ivan-kostov-nikolov-q6096688,place-plovdiv-city,,source-wikipedia-ivan-kostov-nikolov
event-mayor-28-deno-manev,Кмет: Деньо Манев,Mayor: Denyo Manev,1914,1918,modern,mayor_term,1,,,person-deno-manev,place-plovdiv-city,org-plovdiv-municipality,source-plovdiv-mayor-archive
event-birth-dimitar-sagaev-q5277445,Раждане на Димитър Сагаев,Birth of Dimitar Sagaev,1915,,modern,notable_person_birth,1,,,person-dimitar-sagaev-q5277445,place-plovdiv-city,,source-wikipedia-dimitar-sagaev
event-programme-1916-charity-committee,Върховен комитет на благотворителността по време на Първата световна война,Supreme Charity Committee during the First World War,1916,1918,modern,municipal_programme,1,,,,place-plovdiv-city,org-plovdiv-municipality|org-regional-history-museum-plovdiv,source-rim-plovdiv-municipality-1886-1944
event-mayor-29-milosh-danov,Кмет: Милош Данов,Mayor: Milosh Danov,1918,1919,modern,mayor_term,1,,,person-milosh-danov,place-plovdiv-city,org-plovdiv-municipality,source-plovdiv-mayor-archive
event-birth-pavel-djidjov-q7155590,Раждане на Павел Джиджов,Birth of Pavel Djidjov,1919,,modern,notable_person_birth,1,,,person-pavel-djidjov-q7155590,place-plovdiv-city,,source-wikipedia-pavel-djidjov
event-mayor-30-stefan-gevgalov,Кмет: Стефан Гевгалов,Mayor: Stefan Gevgalov,1919,1919,modern,mayor_term,1,,,person-stefan-gevgalov,place-plovdiv-city,org-plovdiv-municipality,source-plovdiv-mayor-archive
event-mayor-31-hristo-pavlov,Кмет: Христо Павлов,Mayor: Hristo Pavlov,1919,1919,modern,mayor_term,1,,,person-hristo-pavlov,place-plovdiv-city,org-plovdiv-municipality,source-plovdiv-mayor-archive
event-mayor-32-hariton-kuev,Кмет: Харитон Куев,Mayor: Hariton Kuev,1919,1919,modern,mayor_term,1,,,person-hariton-kuev,place-plovdiv-city,org-plovdiv-municipality,source-plovdiv-mayor-archive
event-mayor-33-nikola-glbov,Кмет: Никола Гълъбов,Mayor: Nikola Galabov,1919,1920,modern,mayor_term,1,,,person-nikola-galabov,place-plovdiv-city,org-plovdiv-municipality,source-plovdiv-mayor-archive
event-birth-genko-rashkov-q91343087,Раждане на Генко Рашков,Birth of Genko Rashkov,1920,,modern,notable_person_birth,1,,,person-genko-rashkov-q91343087,place-plovdiv-city,,source-wikipedia-genko-rashkov
event-mayor-34-panayot-mutafchiev,Кмет: Панайот Мутафчиев,Mayor: Panayot Mutafchiev,1920,1920,modern,mayor_term,1,,,person-panayot-mutafchiev,place-plovdiv-city,org-plovdiv-municipality,source-plovdiv-mayor-archive
event-mayor-35-petr-shilev,Кмет: Петър Шилев,Mayor: Petar Shilev,1920,1921,modern,mayor_term,1,,,person-petar-shilev,place-plovdiv-city,org-plovdiv-municipality,source-plovdiv-mayor-archive
event-mayor-36-d-r-ivan-kesyakov,Кмет: д-р Иван Кесяков,Mayor: Dr. Ivan Kesyakov,1921,1922,modern,mayor_term,1,,,person-d-r-ivan-kesyakov,place-plovdiv-city,org-plovdiv-municipality,source-plovdiv-mayor-archive
event-birth-angel-wagenstein-q531900,Раждане на Анжел Вагенщайн,Birth of Angel Wagenstein,1922,,modern,notable_person_birth,1,,,person-angel-wagenstein-q531900,place-plovdiv-city,,source-wikipedia-angel-wagenstein
event-mayor-37-petr-yankov,Кмет: Петър Янъков,Mayor: Petar Yankov,1922,1923,modern,mayor_term,1,,,person-petar-yanakov,place-plovdiv-city,org-plovdiv-municipality,source-plovdiv-mayor-archive
event-birth-vaklush-tolev-q17409993,Раждане на Ваклуш Толев,Birth of Vaklush Tolev,1923,,modern,notable_person_birth,1,,,person-vaklush-tolev-q17409993,place-plovdiv-city,,source-wikipedia-vaklush-tolev
event-mayor-38-ivan-stanchev,Кмет: Иван Станчев,Mayor: Ivan Stanchev,1923,1923,modern,mayor_term,1,,,person-ivan-stanchev,place-plovdiv-city,org-plovdiv-municipality,source-plovdiv-mayor-archive
event-mayor-39-petr-drenski,Кмет: Петър Дренски,Mayor: Petar Drenski,1923,1927,modern,mayor_term,1,,,person-petar-drenski,place-plovdiv-city,org-plovdiv-municipality,source-plovdiv-mayor-archive
event-birth-nanka-serkedzhieva-q25478652,Раждане на Нанка Серкеджиева,Birth of Nanka Serkedzhieva,1925,,modern,notable_person_birth,1,,,person-nanka-serkedzhieva-q25478652,place-plovdiv-city,,source-wikipedia-nanka-serkedzhieva
event-birth-christo-christov-q5111619,Раждане на Христо Христов,Birth of Christo Christov,1926,,modern,notable_person_birth,1,,,person-christo-christov-q5111619,place-plovdiv-city,,source-wikipedia-christo-christov
event-birth-vasil-mirchev-q1448586,Раждане на Васил Мирчев,Birth of Vasil Mirchev,1927,,modern,notable_person_birth,1,,,person-vasil-mirchev-q1448586,place-plovdiv-city,,source-wikipedia-vasil-mirchev
event-mayor-40-d-r-panayot-kostov,Кмет: д-р Панайот Костов,Mayor: Dr. Panayot Kostov,1927,1928,modern,mayor_term,1,,,person-d-r-panayot-kostov,place-plovdiv-city,org-plovdiv-municipality,source-plovdiv-mayor-archive
event-1928-earthquake,Чирпанско-пловдивските земетресения,The Chirpan-Plovdiv earthquakes,1928,,modern,historical_timeline,2,,,,place-plovdiv-city,,source-noaa-ncei-1928-bulgaria-earthquake-information|source-journal-of-geophysical-research-paleoseismologic-investigation-of-the-14-april-1
event-birth-isaac-passy-q2901020,Раждане на Исак Паси,Birth of Isaac Passy,1928,,modern,notable_person_birth,1,,,person-isaac-passy-q2901020,place-plovdiv-city,,source-wikipedia-isaac-passy
event-mayor-41-milosh-danov,Кмет: Милош Данов,Mayor: Milosh Danov,1928,1929,modern,mayor_term,1,,,person-milosh-danov,place-plovdiv-city,org-plovdiv-municipality,source-plovdiv-mayor-archive
event-birth-mihail-simeonov-q6845163,Раждане на Михаил Симеонов,Birth of Mihail Simeonov,1929,,modern,notable_person_birth,1,,,person-mihail-simeonov-q6845163,place-plovdiv-city,,source-wikipedia-mihail-simeonov
event-mayor-42-enyu-manolov,Кмет: Еню Манолов,Mayor: Enyu Manolov,1929,1932,modern,mayor_term,1,,,person-enyu-manolov,place-plovdiv-city,org-plovdiv-municipality,source-plovdiv-mayor-archive
event-birth-milko-bobotsov-q1347292,Раждане на Милко Бобоцов,Birth of Milko Bobotsov,1931,,modern,notable_person_birth,1,,,person-milko-bobotsov-q1347292,place-plovdiv-city,,source-wikipedia-milko-bobotsov
event-birth-stancho-stanchev-q7598031,Раждане на Станчо Станчев,Birth of Stancho Stanchev,1932,,modern,notable_person_birth,1,,,person-stancho-stanchev-q7598031,place-plovdiv-city,,source-wikipedia-stancho-stanchev
event-programme-1932-school-building-gap,Недостиг на училищни сгради,Shortage of school buildings,1932,1932,modern,municipal_programme,1,,,,place-plovdiv-city,org-plovdiv-municipality|org-regional-history-museum-plovdiv,source-rim-plovdiv-municipality-1886-1944
event-mayor-43-bozhidar-zdravkov,Кмет: Божидар Здравков,Mayor: Bozhidar Zdravkov,1932,1935,modern,mayor_term,1,,,person-bozhidar-zdravkov,place-plovdiv-city,org-plovdiv-municipality,source-plovdiv-mayor-archive
event-programme-1932-childcare-and-social-care,"Детски ясли, народни кухни и дом за стари хора при управлението на Божидар Здравков","Nursery, public kitchens and old people home under Bozhidar Zdravkov",1932,1935,modern,municipal_programme,1,,,,place-old-town|place-plovdiv-city,org-plovdiv-municipality|org-regional-history-museum-plovdiv,source-rim-plovdiv-municipality-1886-1944
event-birth-martsel-koen-q16574455,Раждане на Марцел Коен,Birth of Martsel Koen,1933,,modern,notable_person_birth,1,,,person-martsel-koen-q16574455,place-plovdiv-city,,source-wikipedia-martsel-koen
event-birth-nikola-padevsky-q427768,Раждане на Никола Пъдевски,Birth of Nikola Padevsky,1933,,modern,notable_person_birth,1,,,person-nikola-padevsky-q427768,place-plovdiv-city,,source-wikipedia-nikola-padevsky
event-birth-ivan-andonov-q1675895,Раждане на Иван Андонов,Birth of Ivan Andonov,1934,,modern,notable_person_birth,1,,,person-ivan-andonov-q1675895,place-plovdiv-city,,source-wikipedia-ivan-andonov
event-birth-krikor-azaryan-q1902725,Раждане на Крикор Азарян,Birth of Krikor Azaryan,1934,,modern,notable_person_birth,1,,,person-krikor-azaryan-q1902725,place-plovdiv-city,,source-wikipedia-krikor-azaryan
event-birth-yoan-leviev-q12282012,Раждане на Йоан Левиев,Birth of Yoan Leviev,1934,,modern,notable_person_birth,1,,,person-yoan-leviev-q12282012,place-plovdiv-city,,source-wikipedia-yoan-leviev
event-governance-1934-municipal-reform,Промяна в управлението след преврата на 19 май 1934 г.,Governance change after the coup of 19 May 1934,1934,1937,modern,governance_change,1,,,,place-plovdiv-city,org-plovdiv-municipality|org-plovdiv-municipal-council|org-regional-history-museum-plovdiv,source-rim-plovdiv-municipality-1886-1944
event-birth-emanuel-zisman-q949226,Раждане на Емануел Зисман,Birth of Emanuel Zisman,1935,,modern,notable_person_birth,1,,,person-emanuel-zisman-q949226,place-plovdiv-city,,source-wikipedia-emanuel-zisman
event-mayor-44-georgi-todorov,Кмет: Георги Тодоров,Mayor: Georgi Todorov,1935,1936,modern,mayor_term,1,,,person-georgi-todorov,place-plovdiv-city,org-plovdiv-municipality,source-plovdiv-mayor-archive
event-birth-asen-kisimov-q4804159,Раждане на Асен Кисимов,Birth of Asen Kisimov,1936,,modern,notable_person_birth,1,,,person-asen-kisimov-q4804159,place-plovdiv-city,,source-wikipedia-asen-kisimov
event-birth-rumen-gasharov-q3656624,Раждане на Румен Гашаров,Birth of Rumen Gasharov,1936,,modern,notable_person_birth,1,,,person-rumen-gasharov-q3656624,place-plovdiv-city,,source-wikipedia-rumen-gasharov
event-mayor-45-bozhidar-zdravkov,Кмет: Божидар Здравков,Mayor: Bozhidar Zdravkov,1936,1939,modern,mayor_term,1,,,person-bozhidar-zdravkov,place-plovdiv-city,org-plovdiv-municipality,source-plovdiv-mayor-archive
event-birth-georgi-tringov-q961715,Раждане на Георги Трингов,Birth of Georgi Tringov,1937,,modern,notable_person_birth,1,,,person-georgi-tringov-q961715,place-plovdiv-city,,source-wikipedia-georgi-tringov
event-birth-milcho-leviev-q358753,Раждане на Милчо Левиев,Birth of Milcho Leviev,1937,,modern,notable_person_birth,1,,,person-milcho-leviev-q358753,place-plovdiv-city,,source-wikipedia-milcho-leviev
event-birth-dimitar-galinchev-q62629029,Раждане на Димитър Галинчев,Birth of Dimitar Galinchev,1938,,modern,notable_person_birth,1,,,person-dimitar-galinchev-q62629029,place-plovdiv-city,,source-wikipedia-dimitar-galinchev
event-birth-george-ganchev-q12280185,Раждане на Жорж Ганчев,Birth of George Ganchev,1939,,modern,notable_person_birth,1,,,person-george-ganchev-q12280185,place-plovdiv-city,,source-wikipedia-george-ganchev
event-mayor-46-petr-malchev,Кмет: Петър Малчев,Mayor: Petar Malchev,1939,1943,modern,mayor_term,1,,,person-petar-malchev,place-plovdiv-city,org-plovdiv-municipality,source-plovdiv-mayor-archive
event-birth-peicho-peev-q3657487,Раждане на Пейчо Пеев,Birth of Peicho Peev,1940,,modern,notable_person_birth,1,,,person-peicho-peev-q3657487,place-plovdiv-city,,source-wikipedia-peicho-peev
event-finance-1940-regular-budget,Редовен бюджет за 1940 г.,Regular 1940 budget,1940,1940,modern,historical_finance,1,,,,place-plovdiv-city,org-plovdiv-municipality|org-regional-history-museum-plovdiv,source-rim-plovdiv-municipality-1886-1944
event-programme-1940-war-budget-priorities,Военновременни бюджетни приоритети,Wartime budget priorities,1940,1940,modern,municipal_programme,1,,,,place-plovdiv-city,org-plovdiv-municipality|org-regional-history-museum-plovdiv,source-rim-plovdiv-municipality-1886-1944
event-birth-dinko-dermendzhiev-q2444179,Раждане на Динко Дерменджиев,Birth of Dinko Dermendzhiev,1941,,modern,notable_person_birth,1,,,person-dinko-dermendzhiev-q2444179,place-plovdiv-city,,source-wikipedia-dinko-dermendzhiev
event-birth-kostadin-tilev-q62011159,Раждане на Костадин Тилев,Birth of Kostadin Tilev,1942,,modern,notable_person_birth,1,,,person-kostadin-tilev-q62011159,place-plovdiv-city,,source-wikipedia-kostadin-tilev
event-birth-stephane-tchalgadjieff-q3502097,Раждане на Стефан Чалгаджиев,Birth of Stéphane Tchalgadjieff,1942,,modern,notable_person_birth,1,,,person-stephane-tchalgadjieff-q3502097,place-plovdiv-city,,source-wikipedia-stephane-tchalgadjieff
event-jews-1943,Спасяването на пловдивските евреи,Saving Plovdiv's Jews,1943,,modern,historical_timeline,2,,,,place-old-town|place-plovdiv-city,,source-center-for-jewish-art-metropolitan-kiril-plaque-in-plovdiv|source-yad-vashem-two-bulgarian-clergymen-named-as-righteous-among-the-nations
event-mayor-47-dimitr-kostov,Кмет: Димитър Костов,Mayor: Dimitar Kostov,1943,1944,modern,mayor_term,1,,,person-dimitar-kostov,place-plovdiv-city,org-plovdiv-municipality,source-plovdiv-mayor-archive
event-birth-georgi-popov-q2472095,Раждане на Георги Попов,Birth of Georgi Popov,1944,,modern,notable_person_birth,1,,,person-georgi-popov-q2472095,place-plovdiv-city,,source-wikipedia-georgi-popov
event-birth-tzvetana-maneva-q7862005,Раждане на Цветана Манева,Birth of Tzvetana Maneva,1944,,modern,notable_person_birth,1,,,person-tzvetana-maneva-q7862005,place-plovdiv-city,,source-wikipedia-tzvetana-maneva
event-finance-1944-war-damage-relief,Средства за щети от въздушните бомбардировки,Funds for air-raid damage recovery,1944,1944,modern,historical_finance,1,,,,place-plovdiv-city,org-plovdiv-municipality|org-regional-history-museum-plovdiv,source-rim-plovdiv-infrastructure-1944-1990
event-governance-1944-front-transition,Смяна на общинската власт след 9 септември 1944 г.,Municipal power transfer after 9 September 1944,1944,1944,modern,governance_change,1,,,,place-old-town|place-plovdiv-city,org-plovdiv-municipality|org-regional-history-museum-plovdiv,source-rim-plovdiv-infrastructure-1944-1990
event-mayor-48-d-r-asen-kozhuharov,Кмет: д-р Асен Кожухаров,Mayor: Dr. Asen Kozhuharov,1944,1945,modern,mayor_term,1,,,person-d-r-asen-kozhuharov,place-plovdiv-city,org-plovdiv-municipality,source-plovdiv-mayor-archive
event-birth-maria-neykova-q12286011,Раждане на Мария Нейкова,Birth of Maria Neykova,1945,,modern,notable_person_birth,1,,,person-maria-neykova-q12286011,place-plovdiv-city,,source-wikipedia-maria-neykova
event-birth-stoika-milanova-q4293322,Раждане на Стойка Миланова,Birth of Stoĭka Milanova,1945,,modern,notable_person_birth,1,,,person-stoika-milanova-q4293322,place-plovdiv-city,,source-wikipedia-stoika-milanova
event-programme-1945-postwar-public-works,Следвоенна програма за благоустройство,Postwar public-works programme,1945,1945,modern,municipal_programme,1,,,,place-plovdiv-city,org-plovdiv-municipality|org-regional-history-museum-plovdiv,source-rim-plovdiv-infrastructure-1944-1990
event-finance-1945-university-establishment,Общинско финансиране за откриване на висше училище,Municipal funding to open a higher-education institution,1945,1946,modern,historical_finance,1,,,,place-plovdiv-city,org-plovdiv-municipality|org-regional-history-museum-plovdiv,source-rim-plovdiv-infrastructure-1944-1990
event-mayor-49-ivan-perpeliev,Кмет: Иван Перпелиев,Mayor: Ivan Perpeliev,1945,1949,modern,mayor_term,1,,,person-ivan-perpeliev,place-plovdiv-city,org-plovdiv-municipality,source-plovdiv-mayor-archive
event-birth-lilyana-tomova-q274862,Раждане на Лиляна Томова,Birth of Lilyana Tomova,1946,,modern,notable_person_birth,1,,,person-lilyana-tomova-q274862,place-plovdiv-city,,source-wikipedia-lilyana-tomova
event-birth-moni-ovadia-q741709,Раждане на Мони Овадия,Birth of Moni Ovadia,1946,,modern,notable_person_birth,1,,,person-moni-ovadia-q741709,place-plovdiv-city,,source-wikipedia-moni-ovadia
event-birth-nenko-dobrev-q47456054,Раждане на Ненко Добрев,Birth of Nenko Dobrev,1946,,modern,notable_person_birth,1,,,person-nenko-dobrev-q47456054,place-plovdiv-city,,source-wikipedia-nenko-dobrev
event-birth-pando-pandov-q3893146,Раждане на Пандо Пандов,Birth of Pando Pandov,1946,,modern,notable_person_birth,1,,,person-pando-pandov-q3893146,place-plovdiv-city,,source-wikipedia-pando-pandov
event-birth-petar-stoychev-q14946295,Раждане на Петър Стойчев,Birth of Petar Stoychev,1946,,modern,notable_person_birth,1,,,person-petar-stoychev-q14946295,place-plovdiv-city,,source-wikipedia-petar-stoychev
event-finance-1946-horemag-enterprise,Общинско предприятие „Хоремаг“,Municipal enterprise Horemag,1946,1948,modern,historical_finance,1,,,,place-plovdiv-city,org-plovdiv-municipality|org-regional-history-museum-plovdiv,source-rim-plovdiv-infrastructure-1944-1990
event-birth-evdokiya-pandezova-q43783582,Раждане на Евдокия Пандезова,Birth of Evdokiya Pandezova,1947,,modern,notable_person_birth,1,,,person-evdokiya-pandezova-q43783582,place-plovdiv-city,,source-wikipedia-evdokiya-pandezova
event-birth-hristo-bonev-q706715,Раждане на Христо Бонев,Birth of Hristo Bonev,1947,,modern,notable_person_birth,1,,,person-hristo-bonev-q706715,place-plovdiv-city,,source-wikipedia-hristo-bonev
event-birth-rosica-petkova-q7368859,Раждане на Росица Петкова,Birth of Rosica Petkova,1947,,modern,notable_person_birth,1,,,person-rosica-petkova-q7368859,place-plovdiv-city,,source-wikipedia-rosica-petkova
event-programme-1947-fair-revival,Възстановяване на Пловдивския панаир,Revival of the Plovdiv Fair,1947,1948,modern,municipal_programme,1,,,,place-plovdiv-city,org-plovdiv-municipality|org-plovdiv-municipal-council|org-international-fair-plovdiv|org-regional-history-museum-plovdiv,source-rim-plovdiv-infrastructure-1944-1990
event-birth-biser-boyadzhiev-q56224072,Раждане на Бисер Бояджиев,Birth of Biser Boyadzhiev,1948,,modern,notable_person_birth,1,,,person-biser-boyadzhiev-q56224072,place-plovdiv-city,,source-wikipedia-biser-boyadzhiev
event-birth-bozhidar-pampoulov-q12273506,Раждане на Божидар Пампулов,Birth of Bozhidar Pampoulov,1949,,modern,notable_person_birth,1,,,person-bozhidar-pampoulov-q12273506,place-plovdiv-city,,source-wikipedia-bozhidar-pampoulov
event-birth-matei-pampoulov-q12286298,Раждане на Матей Пампулов,Birth of Matei Pampoulov,1949,,modern,notable_person_birth,1,,,person-matei-pampoulov-q12286298,place-plovdiv-city,,source-wikipedia-matei-pampoulov
event-mayor-50-nikola-balkandzhiev,Кмет: Никола Балканджиев,Mayor: Nikola Balkandzhiev,1949,1959,modern,mayor_term,1,,,person-nikola-balkandzhiev,place-plovdiv-city,org-plovdiv-municipality,source-plovdiv-mayor-archive
event-birth-mariya-petkova-q258505,Раждане на Мария Вергова-Петкова,Birth of Mariya Petkova,1950,,modern,notable_person_birth,1,,,person-mariya-petkova-q258505,place-plovdiv-city,,source-wikipedia-mariya-petkova
event-birth-kuncho-kunchev-q60685867,Раждане на Кунчо Кунчев,Birth of Kuncho Kunchev,1951,,modern,notable_person_birth,1,,,person-kuncho-kunchev-q60685867,place-plovdiv-city,,source-wikipedia-kuncho-kunchev
event-birth-boris-komitov-q21077775,Раждане на Борис Комитов,Birth of Boris Komitov,1952,,modern,notable_person_birth,1,,,person-boris-komitov-q21077775,place-plovdiv-city,,source-wikipedia-boris-komitov
event-birth-petar-stoyanov-q81215,Раждане на Петър Стоянов,Birth of Petar Stoyanov,1952,,modern,notable_person_birth,1,,,person-petar-stoyanov-q81215,place-plovdiv-city,,source-wikipedia-petar-stoyanov
event-birth-assia-zlatkowa-q4808843,Раждане на Ася Златкова,Birth of Assia Zlatkowa,1953,,modern,notable_person_birth,1,,,person-assia-zlatkowa-q4808843,place-plovdiv-city,,source-wikipedia-assia-zlatkowa
event-birth-ivanka-vancheva-q11714525,Раждане на Иванка Ванчева,Birth of Ivanka Vancheva,1953,,modern,notable_person_birth,1,,,person-ivanka-vancheva-q11714525,place-plovdiv-city,,source-wikipedia-ivanka-vancheva
event-birth-slavik-tabakov-q23762783,Раждане на Славик Табаков,Birth of Slavik Tabakov,1953,,modern,notable_person_birth,1,,,person-slavik-tabakov-q23762783,place-plovdiv-city,,source-wikipedia-slavik-tabakov
event-birth-bozhidar-milenkov-q4952838,Раждане на Божидар Миленков,Birth of Bozhidar Milenkov,1954,,modern,notable_person_birth,1,,,person-bozhidar-milenkov-q4952838,place-plovdiv-city,,source-wikipedia-bozhidar-milenkov
event-birth-hristo-smolenov-q47007832,Раждане на Христо Смоленов,Birth of Hristo Smolenov,1954,,modern,notable_person_birth,1,,,person-hristo-smolenov-q47007832,place-plovdiv-city,,source-wikipedia-hristo-smolenov
event-birth-nonka-matova-q3878246,Раждане на Нонка Матова,Birth of Nonka Matova,1954,,modern,notable_person_birth,1,,,person-nonka-matova-q3878246,place-plovdiv-city,,source-wikipedia-nonka-matova
event-birth-georgi-dermendzhiev-q12276391,Раждане на Георги Дерменджиев,Birth of Georgi Dermendzhiev,1955,,modern,notable_person_birth,1,,,person-georgi-dermendzhiev-q12276391,place-plovdiv-city,,source-wikipedia-georgi-dermendzhiev
event-birth-plamen-dimov-q11888350,Раждане на Пламен Димов,Birth of Plamen Dimov,1955,,modern,notable_person_birth,1,,,person-plamen-dimov-q11888350,place-plovdiv-city,,source-wikipedia-plamen-dimov
event-birth-dimitar-radev-q25431484,Раждане на Димитър Радев,Birth of Dimitar Radev,1956,,modern,notable_person_birth,1,,,person-dimitar-radev-q25431484,place-plovdiv-city,,source-wikipedia-dimitar-radev
event-birth-solomon-passy-q1371792,Раждане на Соломон Паси,Birth of Solomon Passy,1956,,modern,notable_person_birth,1,,,person-solomon-passy-q1371792,place-plovdiv-city,,source-wikipedia-solomon-passy
event-birth-emma-tahmizian-q433159,Раждане на Емма Тахмизян,Birth of Emma Tahmizian,1957,,modern,notable_person_birth,1,,,person-emma-tahmizian-q433159,place-plovdiv-city,,source-wikipedia-emma-tahmizian
event-birth-lyubomir-lyubenov-q3305536,Раждане на Любомир Любенов,Birth of Lyubomir Lyubenov,1957,,modern,notable_person_birth,1,,,person-lyubomir-lyubenov-q3305536,place-plovdiv-city,,source-wikipedia-lyubomir-lyubenov
event-birth-nikolay-marincheshki-q3876974,Раждане на Николай Маринчешки,Birth of Nikolay Marincheshki,1957,,modern,notable_person_birth,1,,,person-nikolay-marincheshki-q3876974,place-plovdiv-city,,source-wikipedia-nikolay-marincheshki
event-birth-peter-lazarov-q2776677,Раждане на Петър Лазаров,Birth of Peter Lazarov,1958,,modern,notable_person_birth,1,,,person-peter-lazarov-q2776677,place-plovdiv-city,,source-wikipedia-peter-lazarov
event-birth-emil-stoyanov-q1336888,Раждане на Емил Стоянов,Birth of Emil Stoyanov,1959,,modern,notable_person_birth,1,,,person-emil-stoyanov-q1336888,place-plovdiv-city,,source-wikipedia-emil-stoyanov
event-birth-mariana-serbezova-q6762066,Раждане на Марияна Сербезова,Birth of Mariana Serbezova,1959,,modern,notable_person_birth,1,,,person-mariana-serbezova-q6762066,place-plovdiv-city,,source-wikipedia-mariana-serbezova
event-birth-petar-zapryanov-q20966432,Раждане на Петър Запрянов,Birth of Petar Zapryanov,1959,,modern,notable_person_birth,1,,,person-petar-zapryanov-q20966432,place-plovdiv-city,,source-wikipedia-petar-zapryanov
event-birth-zhan-videnov-q511954,Раждане на Жан Виденов,Birth of Zhan Videnov,1959,,modern,notable_person_birth,1,,,person-zhan-videnov-q511954,place-plovdiv-city,,source-wikipedia-zhan-videnov
event-mayor-51-atanas-kostov,Кмет: Атанас Костов,Mayor: Atanas Kostov,1959,1963,modern,mayor_term,1,,,person-atanas-kostov,place-plovdiv-city,org-plovdiv-municipality,source-plovdiv-mayor-archive
event-birth-angelina-mikhaylova-q2493179,Раждане на Ангелина Михайлова,Birth of Angelina Mikhaylova,1960,,modern,notable_person_birth,1,,,person-angelina-mikhaylova-q2493179,place-plovdiv-city,,source-wikipedia-angelina-mikhaylova
event-birth-atanas-mladenov-q4812753,Раждане на Атанас Младенов,Birth of Atanas Mladenov,1960,,modern,notable_person_birth,1,,,person-atanas-mladenov-q4812753,place-plovdiv-city,,source-wikipedia-atanas-mladenov
event-birth-luba-lukova-q23882767,Раждане на Люба Лукова,Birth of Luba Lukova,1960,,modern,notable_person_birth,1,,,person-luba-lukova-q23882767,place-plovdiv-city,,source-wikipedia-luba-lukova
event-birth-atanas-hranov-q27230293,Раждане на Атанас Хранов,Birth of Atanas Hranov,1961,,modern,notable_person_birth,1,,,person-atanas-hranov-q27230293,place-plovdiv-city,,source-wikipedia-atanas-hranov
event-birth-ayan-sadakov-q1986376,Раждане на Аян Садъков,Birth of Ayan Sadakov,1961,,modern,notable_person_birth,1,,,person-ayan-sadakov-q1986376,place-plovdiv-city,,source-wikipedia-ayan-sadakov
event-birth-iliya-zhelev-q1658519,Раждане на Илия Желев,Birth of Iliya Zhelev,1961,,modern,notable_person_birth,1,,,person-iliya-zhelev-q1658519,place-plovdiv-city,,source-wikipedia-iliya-zhelev
event-birth-jeanette-spassova-q15212955,Раждане на Жанет Спасова,Birth of Jeanette Spassova,1962,,modern,notable_person_birth,1,,,person-jeanette-spassova-q15212955,place-plovdiv-city,,source-wikipedia-jeanette-spassova
event-birth-yuri-sterk-q12299588,Раждане на Юрий Щерк,Birth of Yuri Sterk,1962,,modern,notable_person_birth,1,,,person-yuri-sterk-q12299588,place-plovdiv-city,,source-wikipedia-yuri-sterk
event-birth-blagovest-belev-q110881376,Раждане на Благовест Белев,Birth of Blagovest Belev,1963,,modern,notable_person_birth,1,,,person-blagovest-belev-q110881376,place-plovdiv-city,,source-wikipedia-blagovest-belev
event-birth-georgi-georgiev-q2616489,Раждане на Георги Георгиев,Birth of Georgi Georgiev,1963,,modern,notable_person_birth,1,,,person-georgi-georgiev-q2616489,place-plovdiv-city,,source-wikipedia-georgi-georgiev
event-birth-georgi-yordanov-q2628915,Раждане на Георги Йорданов,Birth of Georgi Yordanov,1963,,modern,notable_person_birth,1,,,person-georgi-yordanov-q2628915,place-plovdiv-city,,source-wikipedia-georgi-yordanov
event-birth-nina-khadzhiyankova-q3877064,Раждане на Нина Хаджиянкова,Birth of Nina Khadzhiyankova,1963,,modern,notable_person_birth,1,,,person-nina-khadzhiyankova-q3877064,place-plovdiv-city,,source-wikipedia-nina-khadzhiyankova
event-mayor-52-ivan-dimitrov,Кмет: Иван Димитров,Mayor: Ivan Dimitrov,1963,1965,modern,mayor_term,1,,,person-ivan-dimitrov,place-plovdiv-city,org-plovdiv-municipality,source-plovdiv-mayor-archive
event-birth-aleksandar-khristov-q620406,Раждане на Александър Христов,Birth of Aleksandar Khristov,1964,,modern,notable_person_birth,1,,,person-aleksandar-khristov-q620406,place-plovdiv-city,,source-wikipedia-aleksandar-khristov
event-birth-alexander-sekulov-q30170062,Раждане на Александър Секулов,Birth of Alexander Sekulov,1964,,modern,notable_person_birth,1,,,person-alexander-sekulov-q30170062,place-plovdiv-city,,source-wikipedia-alexander-sekulov
event-birth-hristo-kolev-q1985420,Раждане на Христо Колев,Birth of Hristo Kolev,1964,,modern,notable_person_birth,1,,,person-hristo-kolev-q1985420,place-plovdiv-city,,source-wikipedia-hristo-kolev
event-birth-konstantin-mitev-q61638808,Раждане на Константин Митев,Birth of Konstantin Mitev,1964,,modern,notable_person_birth,1,,,person-konstantin-mitev-q61638808,place-plovdiv-city,,source-wikipedia-konstantin-mitev
event-birth-milko-popcev-q4372927,Раждане на Милко Попчев,Birth of Milko Popčev,1964,,modern,notable_person_birth,1,,,person-milko-popcev-q4372927,place-plovdiv-city,,source-wikipedia-milko-popcev
event-birth-lalka-berberova-q6480436,Раждане на Лалка Берберова,Birth of Lalka Berberova,1965,,modern,notable_person_birth,1,,,person-lalka-berberova-q6480436,place-plovdiv-city,,source-wikipedia-lalka-berberova
event-mayor-53-ivan-panev,Кмет: Иван Панев,Mayor: Ivan Panev,1965,1968,modern,mayor_term,1,,,person-ivan-panev,place-plovdiv-city,org-plovdiv-municipality,source-plovdiv-mayor-archive
event-birth-diana-paliiska-q3079920,Раждане на Диана Палийска,Birth of Diana Paliiska,1966,,modern,notable_person_birth,1,,,person-diana-paliiska-q3079920,place-plovdiv-city,,source-wikipedia-diana-paliiska
event-birth-dimitar-kamburski-q47455173,Раждане на Димитър Камбурски,Birth of Dimitar Kamburski,1966,,modern,notable_person_birth,1,,,person-dimitar-kamburski-q47455173,place-plovdiv-city,,source-wikipedia-dimitar-kamburski
event-birth-hristo-stoichkov-q187125,Раждане на Христо Стоичков,Birth of Hristo Stoichkov,1966,,modern,notable_person_birth,1,,,person-hristo-stoichkov-q187125,place-plovdiv-city,,source-wikipedia-hristo-stoichkov
event-birth-ilian-djevelekov-q5997999,Раждане на Илиян Джевелеков,Birth of Ilian Djevelekov,1966,,modern,notable_person_birth,1,,,person-ilian-djevelekov-q5997999,place-plovdiv-city,,source-wikipedia-ilian-djevelekov
event-birth-samuel-finzi-q106781,Раждане на Самуел Финци,Birth of Samuel Finzi,1966,,modern,notable_person_birth,1,,,person-samuel-finzi-q106781,place-plovdiv-city,,source-wikipedia-samuel-finzi
event-birth-sotir-tsatsarov-q12294204,Раждане на Сотир Цацаров,Birth of Sotir Tsatsarov,1966,,modern,notable_person_birth,1,,,person-sotir-tsatsarov-q12294204,place-plovdiv-city,,source-wikipedia-sotir-tsatsarov
event-birth-vladimir-angelov-q124670137,Раждане на Владимир Ангелов,Birth of Vladimir Angelov,1966,,modern,notable_person_birth,1,,,person-vladimir-angelov-q124670137,place-plovdiv-city,,source-wikipedia-vladimir-angelov
event-birth-madelaine-bohme-q21264297,Раждане на Мадлен Бьоме,Birth of Madelaine Böhme,1967,,modern,notable_person_birth,1,,,person-madelaine-bohme-q21264297,place-plovdiv-city,,source-wikipedia-madelaine-bohme
event-birth-nikolay-bukhalov-q1385212,Раждане на Николай Бухалов,Birth of Nikolay Bukhalov,1967,,modern,notable_person_birth,1,,,person-nikolay-bukhalov-q1385212,place-plovdiv-city,,source-wikipedia-nikolay-bukhalov
event-birth-nuran-pelikjan-q20030085,Раждане на Нуран Пеликян,Birth of Nuran Pelikjan,1967,,modern,notable_person_birth,1,,,person-nuran-pelikjan-q20030085,place-plovdiv-city,,source-wikipedia-nuran-pelikjan
event-birth-silvena-rowe-q3544793,Раждане на Силвена Роу,Birth of Silvena Rowe,1967,,modern,notable_person_birth,1,,,person-silvena-rowe-q3544793,place-plovdiv-city,,source-wikipedia-silvena-rowe
event-birth-antoaneta-strumenlieva-q29054643,Раждане на Антоанета Струменлиева,Birth of Antoaneta Strumenlieva,1968,,modern,notable_person_birth,1,,,person-antoaneta-strumenlieva-q29054643,place-plovdiv-city,,source-wikipedia-antoaneta-strumenlieva
event-birth-dimitre-dinev-q87994,Раждане на Димитър Динев,Birth of Dimitré Dinev,1968,,modern,notable_person_birth,1,,,person-dimitre-dinev-q87994,place-plovdiv-city,,source-wikipedia-dimitre-dinev
event-mayor-54-kosta-kumanov,Кмет: Коста Куманов,Mayor: Kosta Kumanov,1968,1971,modern,mayor_term,1,,,person-kosta-kumanov,place-plovdiv-city,org-plovdiv-municipality,source-plovdiv-mayor-archive
event-birth-christo-grozev-q104420787,Раждане на Христо Грозев,Birth of Christo Grozev,1969,,modern,notable_person_birth,1,,,person-christo-grozev-q104420787,place-plovdiv-city,,source-wikipedia-christo-grozev
event-birth-dimitar-lukanov-q5277432,Раждане на Димитър Луканов,Birth of Dimitar Lukanov,1969,,modern,notable_person_birth,1,,,person-dimitar-lukanov-q5277432,place-plovdiv-city,,source-wikipedia-dimitar-lukanov
event-birth-hristo-koilov-q5923786,Раждане на Христо Коилов,Birth of Hristo Koilov,1969,,modern,notable_person_birth,1,,,person-hristo-koilov-q5923786,place-plovdiv-city,,source-wikipedia-hristo-koilov
event-birth-kalofer-khristozov-q12282435,Раждане на Калофер Христозов,Birth of Kalofer Khristozov,1969,,modern,notable_person_birth,1,,,person-kalofer-khristozov-q12282435,place-plovdiv-city,,source-wikipedia-kalofer-khristozov
event-birth-mariya-kartalova-q16207828,Раждане на Мария Карталова,Birth of Mariya Kartalova,1969,,modern,notable_person_birth,1,,,person-mariya-kartalova-q16207828,place-plovdiv-city,,source-wikipedia-mariya-kartalova
event-birth-poli-karastoyanova-q24501700,Раждане на Поли Карастоянова,Birth of Poli Karastoyanova,1969,,modern,notable_person_birth,1,,,person-poli-karastoyanova-q24501700,place-plovdiv-city,,source-wikipedia-poli-karastoyanova
event-programme-1969-old-plovdiv-restoration,Специализирано управление „Старинен Пловдив“,Specialised Old Plovdiv administration,1969,1975,modern,municipal_programme,1,,,,place-old-town|place-plovdiv-city,org-plovdiv-municipality|org-plovdiv-municipal-council|org-regional-history-museum-plovdiv,source-rim-plovdiv-infrastructure-1944-1990
event-birth-bonka-pindzheva-q4942123,Раждане на Бонка Пинджева,Birth of Bonka Pindzheva,1970,,modern,notable_person_birth,1,,,person-bonka-pindzheva-q4942123,place-plovdiv-city,,source-wikipedia-bonka-pindzheva
event-birth-orlin-ninov-q47491501,Раждане на Орлин Нинов,Birth of Orlin Ninov,1970,,modern,notable_person_birth,1,,,person-orlin-ninov-q47491501,place-plovdiv-city,,source-wikipedia-orlin-ninov
event-birth-petar-genov-q2607838,Раждане на Петър Генов,Birth of Petar Genov,1970,,modern,notable_person_birth,1,,,person-petar-genov-q2607838,place-plovdiv-city,,source-wikipedia-petar-genov
event-programme-1970-five-year-city-plan,Петгодишна градска програма за жилища и инфраструктура,Five-year city programme for housing and infrastructure,1970,1975,modern,municipal_programme,1,,,,place-plovdiv-city,org-plovdiv-municipality|org-international-fair-plovdiv|org-regional-history-museum-plovdiv,source-rim-plovdiv-infrastructure-1944-1990
event-birth-albena-branzova-q2830854,Раждане на Албена Брънзова-Димитрова,Birth of Albena Branzova,1971,,modern,notable_person_birth,1,,,person-albena-branzova-q2830854,place-plovdiv-city,,source-wikipedia-albena-branzova
event-birth-anna-angelova-q4766820,Раждане на Анна Ангелова,Birth of Anna Angelova,1971,,modern,notable_person_birth,1,,,person-anna-angelova-q4766820,place-plovdiv-city,,source-wikipedia-anna-angelova
event-birth-grigor-palikarov-q50987576,Раждане на Григор Паликаров,Birth of Grigor Palikarov,1971,,modern,notable_person_birth,1,,,person-grigor-palikarov-q50987576,place-plovdiv-city,,source-wikipedia-grigor-palikarov
event-mayor-55-diran-parikyan,Кмет: Диран Парикян,Mayor: Diran Parikyan,1971,1979,modern,mayor_term,1,,,person-diran-parikyan,place-plovdiv-city,org-plovdiv-municipality,source-plovdiv-mayor-archive
event-birth-iva-prandzheva-q263942,Раждане на Ива Пранджева,Birth of Iva Prandzheva,1972,,modern,notable_person_birth,1,,,person-iva-prandzheva-q263942,place-plovdiv-city,,source-wikipedia-iva-prandzheva
event-birth-julian-radulski-q492717,Раждане на Юлиян Радулски,Birth of Julian Radulski,1972,,modern,notable_person_birth,1,,,person-julian-radulski-q492717,place-plovdiv-city,,source-wikipedia-julian-radulski
event-birth-juliya-baytsheva-q11345804,Раждане на Юлия Байчева,Birth of Juliya Baytsheva,1972,,modern,notable_person_birth,1,,,person-juliya-baytsheva-q11345804,place-plovdiv-city,,source-wikipedia-juliya-baytsheva
event-birth-krasimir-dounev-q3199606,Раждане на Красимир Дунев,Birth of Krasimir Dounev,1972,,modern,notable_person_birth,1,,,person-krasimir-dounev-q3199606,place-plovdiv-city,,source-wikipedia-krasimir-dounev
event-birth-nikolay-barekov-q12288663,Раждане на Николай Бареков,Birth of Nikolay Barekov,1972,,modern,notable_person_birth,1,,,person-nikolay-barekov-q12288663,place-plovdiv-city,,source-wikipedia-nikolay-barekov
event-birth-tanya-stefanova-q7684048,Раждане на Таня Стефанова,Birth of Tanya Stefanova,1972,,modern,notable_person_birth,1,,,person-tanya-stefanova-q7684048,place-plovdiv-city,,source-wikipedia-tanya-stefanova
event-birth-nikolai-kolev-q47491494,Раждане на Николай Колев,Birth of Nikolai Kolev,1973,,modern,notable_person_birth,1,,,person-nikolai-kolev-q47491494,place-plovdiv-city,,source-wikipedia-nikolai-kolev
event-birth-yordan-yovchev-q887271,Раждане на Йордан Йовчев,Birth of Yordan Yovchev,1973,,modern,notable_person_birth,1,,,person-yordan-yovchev-q887271,place-plovdiv-city,,source-wikipedia-yordan-yovchev
event-birth-nayden-todorov-q1963895,Раждане на Найден Тодоров,Birth of Nayden Todorov,1974,,modern,notable_person_birth,1,,,person-nayden-todorov-q1963895,place-plovdiv-city,,source-wikipedia-nayden-todorov
event-birth-aneta-germanova-q2849228,Раждане на Анета Германова,Birth of Aneta Germanova,1975,,modern,notable_person_birth,1,,,person-aneta-germanova-q2849228,place-plovdiv-city,,source-wikipedia-aneta-germanova
event-birth-ivan-demerdzhiev-q109467177,Раждане на Иван Демерджиев,Birth of Ivan Demerdzhiev,1975,,modern,notable_person_birth,1,,,person-ivan-demerdzhiev-q109467177,place-plovdiv-city,,source-wikipedia-ivan-demerdzhiev
event-birth-maria-petrova-q2629523,Раждане на Мария Петрова,Birth of Maria Petrova,1975,,modern,notable_person_birth,1,,,person-maria-petrova-q2629523,place-plovdiv-city,,source-wikipedia-maria-petrova
event-birth-georgi-ivanov-q593740,Раждане на Георги Иванов - Гонзо,Birth of Georgi Ivanov,1976,,modern,notable_person_birth,1,,,person-georgi-ivanov-q593740,place-plovdiv-city,,source-wikipedia-georgi-ivanov
event-birth-petar-merkov-q3656013,Раждане на Петър Мерков,Birth of Petar Merkov,1976,,modern,notable_person_birth,1,,,person-petar-merkov-q3656013,place-plovdiv-city,,source-wikipedia-petar-merkov
event-birth-antoaneta-pandjerova-q12272133,Раждане на Антоанета Панджерова,Birth of Antoaneta Pandjerova,1977,,modern,notable_person_birth,1,,,person-antoaneta-pandjerova-q12272133,place-plovdiv-city,,source-wikipedia-antoaneta-pandjerova
event-birth-bojidara-kouzmanova-q891182,Раждане на Божидара Кузманова,Birth of Bojidara Kouzmanova,1977,,modern,notable_person_birth,1,,,person-bojidara-kouzmanova-q891182,place-plovdiv-city,,source-wikipedia-bojidara-kouzmanova
event-birth-ina-deltcheva-q4944554,Раждане на Ина Делчева,Birth of Ina Deltcheva,1977,,modern,notable_person_birth,1,,,person-ina-deltcheva-q4944554,place-plovdiv-city,,source-wikipedia-ina-deltcheva
event-birth-magdalina-valchanova-q3656840,Раждане на Магдалина Вълчанова,Birth of Magdalina Valchanova,1977,,modern,notable_person_birth,1,,,person-magdalina-valchanova-q3656840,place-plovdiv-city,,source-wikipedia-magdalina-valchanova
event-birth-petia-stavreva-q11815936,Раждане на Петя Ставрева,Birth of Petia Stavreva,1977,,modern,notable_person_birth,1,,,person-petia-stavreva-q11815936,place-plovdiv-city,,source-wikipedia-petia-stavreva
event-birth-iliya-dzhivondov-q1658512,Раждане на Илия Дживондов,Birth of Iliya Dzhivondov,1978,,modern,notable_person_birth,1,,,person-iliya-dzhivondov-q1658512,place-plovdiv-city,,source-wikipedia-iliya-dzhivondov
event-birth-nadezhda-kehayova-q6957607,Раждане на Надежда Кехайова,Birth of Nadezhda Kehayova,1978,,modern,notable_person_birth,1,,,person-nadezhda-kehayova-q6957607,place-plovdiv-city,,source-wikipedia-nadezhda-kehayova
event-birth-donka-angatscheva-q43900827,Раждане на Донка Ангъчева,Birth of Donka Angatscheva,1979,,modern,notable_person_birth,1,,,person-donka-angatscheva-q43900827,place-plovdiv-city,,source-wikipedia-donka-angatscheva
event-mayor-56-hristo-mishev,Кмет: Христо Мишев,Mayor: Hristo Mishev,1979,1986,modern,mayor_term,1,,,person-hristo-mishev,place-plovdiv-city,org-plovdiv-municipality,source-plovdiv-mayor-archive
event-birth-dobrinka-tabakova-q4449195,Раждане на Добринка Табакова,Birth of Dobrinka Tabakova,1980,,modern,notable_person_birth,1,,,person-dobrinka-tabakova-q4449195,place-plovdiv-city,,source-wikipedia-dobrinka-tabakova
event-birth-kiril-petkov-q106928258,Раждане на Кирил Петков,Birth of Kiril Petkov,1980,,modern,notable_person_birth,1,,,person-kiril-petkov-q106928258,place-plovdiv-city,,source-wikipedia-kiril-petkov
event-birth-milen-dobrev-q939012,Раждане на Милен Добрев,Birth of Milen Dobrev,1980,,modern,notable_person_birth,1,,,person-milen-dobrev-q939012,place-plovdiv-city,,source-wikipedia-milen-dobrev
event-birth-alexander-pulev-q113383770,Раждане на Александър Пулев,Birth of Alexander Pulev,1981,,modern,notable_person_birth,1,,,person-alexander-pulev-q113383770,place-plovdiv-city,,source-wikipedia-alexander-pulev
event-birth-sonya-yoncheva-q3490781,Раждане на Соня Йончева,Birth of Sonya Yoncheva,1981,,modern,notable_person_birth,1,,,person-sonya-yoncheva-q3490781,place-plovdiv-city,,source-wikipedia-sonya-yoncheva
event-birth-delyana-dacheva-q5254970,Раждане на Деляна Дачева,Birth of Delyana Dacheva,1982,,modern,notable_person_birth,1,,,person-delyana-dacheva-q5254970,place-plovdiv-city,,source-wikipedia-delyana-dacheva
event-birth-petar-valchanov-q27535477,Раждане на Петър Вълчанов,Birth of Petar Valchanov,1982,,modern,notable_person_birth,1,,,person-petar-valchanov-q27535477,place-plovdiv-city,,source-wikipedia-petar-valchanov
event-birth-irmena-chichikova-q22957946,Раждане на Ирмена Чичикова,Birth of Irmena Chichikova,1984,,modern,notable_person_birth,1,,,person-irmena-chichikova-q22957946,place-plovdiv-city,,source-wikipedia-irmena-chichikova
event-birth-vladimir-arabadzhiev-q188383,Раждане на Владимир Арабаджиев,Birth of Vladimir Arabadzhiev,1984,,modern,notable_person_birth,1,,,person-vladimir-arabadzhiev-q188383,place-plovdiv-city,,source-wikipedia-vladimir-arabadzhiev
event-birth-georgi-hristov-q1399131,Раждане на Георги Христов,Birth of Georgi Hristov,1985,,modern,notable_person_birth,1,,,person-georgi-hristov-q1399131,place-plovdiv-city,,source-wikipedia-georgi-hristov
event-birth-ivan-stoitsov-q12281221,Раждане на Иван Стоицов,Birth of Ivan Stoitsov,1985,,modern,notable_person_birth,1,,,person-ivan-stoitsov-q12281221,place-plovdiv-city,,source-wikipedia-ivan-stoitsov
event-birth-miro-q2833189,Раждане на Александър Русев,Birth of Miro,1985,,modern,notable_person_birth,1,,,person-miro-q2833189,place-plovdiv-city,,source-wikipedia-miro
event-birth-georgi-kabakov-q21063886,Раждане на Георги Кабаков,Birth of Georgi Kabakov,1986,,modern,notable_person_birth,1,,,person-georgi-kabakov-q21063886,place-plovdiv-city,,source-wikipedia-georgi-kabakov
event-mayor-57-dimitr-bakalov,Кмет: Димитър Бакалов,Mayor: Dimitar Bakalov,1986,1988,modern,mayor_term,1,,,person-dimitar-bakalov,place-plovdiv-city,org-plovdiv-municipality,source-plovdiv-mayor-archive
event-birth-taner-kabilov-q126683791,Раждане на Танер Кабилов,Birth of Taner Kabilov,1987,,modern,notable_person_birth,1,,,person-taner-kabilov-q126683791,place-plovdiv-city,,source-wikipedia-taner-kabilov
event-birth-marin-yonchev-q6763764,Раждане на Марин Йончев,Birth of Marin Yonchev,1988,,modern,notable_person_birth,1,,,person-marin-yonchev-q6763764,place-plovdiv-city,,source-wikipedia-marin-yonchev
event-birth-vladimir-zombori-q28740172,Раждане на Владимир Зомбори,Birth of Vladimir Zombori,1988,,modern,notable_person_birth,1,,,person-vladimir-zombori-q28740172,place-plovdiv-city,,source-wikipedia-vladimir-zombori
event-mayor-58-todor-petkov,Кмет: Тодор Петков,Mayor: Todor Petkov,1988,1990,modern,mayor_term,1,,,person-todor-petkov,place-plovdiv-city,org-plovdiv-municipality,source-plovdiv-mayor-archive
event-birth-tsvetelina-yaneva-q3171491,Раждане на Цветелина Янева,Birth of Tsvetelina Yaneva,1989,,modern,notable_person_birth,1,,,person-tsvetelina-yaneva-q3171491,place-plovdiv-city,,source-wikipedia-tsvetelina-yaneva
event-birth-alexandar-komanov-q4718098,Раждане на Александър Команов,Birth of Alexandar Komanov,1990,,modern,notable_person_birth,1,,,person-alexandar-komanov-q4718098,place-plovdiv-city,,source-wikipedia-alexandar-komanov
event-birth-nina-rangelova-q7038090,Раждане на Нина Рангелова,Birth of Nina Rangelova,1990,,modern,notable_person_birth,1,,,person-nina-rangelova-q7038090,place-plovdiv-city,,source-wikipedia-nina-rangelova
event-birth-rada-laykova-q127599333,Раждане на Рада Лайкова,Birth of Rada Laykova,1990,,modern,notable_person_birth,1,,,person-rada-laykova-q127599333,place-plovdiv-city,,source-wikipedia-rada-laykova
event-mayor-59-nikolay-somlev,Кмет: Николай Сомлев,Mayor: Nikolay Somlev,1990,1991,modern,mayor_term,1,,,person-nikolay-somlev,place-plovdiv-city,org-plovdiv-municipality,source-plovdiv-mayor-archive
event-birth-kristian-vasilev-q26254381,Раждане на Кристиян Василев,Birth of Kristian Vasilev,1991,,modern,notable_person_birth,1,,,person-kristian-vasilev-q26254381,place-plovdiv-city,,source-wikipedia-kristian-vasilev
event-birth-martina-gledacheva-q6777030,Раждане на Мартина Гледачева,Birth of Martina Gledacheva,1991,,modern,notable_person_birth,1,,,person-martina-gledacheva-q6777030,place-plovdiv-city,,source-wikipedia-martina-gledacheva
event-mayor-60-d-r-garabed-tomasyan,Кмет: д-р Гарабед Томасян,Mayor: Dr. Garabed Tomasyan,1991,1995,modern,mayor_term,1,,,person-d-r-garabed-tomasyan,place-plovdiv-city,org-plovdiv-municipality,source-plovdiv-mayor-archive
event-birth-aleksandrina-naydenova-q4715613,Раждане на Александрина Найденова,Birth of Aleksandrina Naydenova,1992,,modern,notable_person_birth,1,,,person-aleksandrina-naydenova-q4715613,place-plovdiv-city,,source-wikipedia-aleksandrina-naydenova
event-birth-nikolay-penchev-q1688332,Раждане на Николай Пенчев,Birth of Nikolay Penchev,1992,,modern,notable_person_birth,1,,,person-nikolay-penchev-q1688332,place-plovdiv-city,,source-wikipedia-nikolay-penchev
event-birth-stoyu-stoev-q110928862,Раждане на Стою Стоев,Birth of Stoyu Stoev,1992,,modern,notable_person_birth,1,,,person-stoyu-stoev-q110928862,place-plovdiv-city,,source-wikipedia-stoyu-stoev
event-birth-boyanka-kostova-q2922996,Раждане на Боянка Костова,Birth of Boyanka Kostova,1993,,modern,notable_person_birth,1,,,person-boyanka-kostova-q2922996,place-plovdiv-city,,source-wikipedia-boyanka-kostova
event-birth-dimitar-kuzmanov-q12061061,Раждане на Димитър Кузманов,Birth of Dimitar Kuzmanov,1993,,modern,notable_person_birth,1,,,person-dimitar-kuzmanov-q12061061,place-plovdiv-city,,source-wikipedia-dimitar-kuzmanov
event-birth-dimitar-krastanov-q26790006,Раждане на Димитър Кръстанов,Birth of Dimitar Krastanov,1994,,modern,notable_person_birth,1,,,person-dimitar-krastanov-q26790006,place-plovdiv-city,,source-wikipedia-dimitar-krastanov
event-mayor-61-spas-grnevski,Кмет: Спас Гърневски,Mayor: Spas Garnevski,1995,1999,modern,mayor_term,1,,,person-spas-garnevski,place-plovdiv-city,org-plovdiv-municipality,source-plovdiv-mayor-archive
event-birth-angel-kodinov-q26218345,Раждане на Ангел Кодинов,Birth of Angel Kodinov,1997,,modern,notable_person_birth,1,,,person-angel-kodinov-q26218345,place-plovdiv-city,,source-wikipedia-angel-kodinov
event-event-1999-month-of-culture,Пловдив домакин на Месец на културата,Plovdiv hosts the Month of Culture,1999,1999,modern,cultural_programme,1,,,,place-plovdiv-city,org-plovdiv-2019-foundation,source-plovdiv-2019-official
event-event-1999-month-of-culture-scale,Мащаб на Европейския месец на културата,Scale of the European Month of Culture,1999,1999,modern,cultural_programme,1,,,,place-ancient-theatre|place-plovdiv-city|place-seven-hills,org-plovdiv-2019-foundation,source-podtepeto-plovdiv-1999-month-culture-archive
event-mayor-62-d-r-ivan-chomakov,Кмет: Д-р Иван Чомаков,Mayor: Dr. Ivan Chomakov,1999,2007,modern,mayor_term,1,,,person-d-r-ivan-chomakov,place-plovdiv-city,org-plovdiv-municipality,source-plovdiv-mayor-archive
event-birth-diana-petkova-q100251384,Раждане на Диана Петкова,Birth of Diana Petkova,2000,,modern,notable_person_birth,1,,,person-diana-petkova-q100251384,place-plovdiv-city,,source-wikipedia-diana-petkova
event-birth-gergana-topalova-q61644154,Раждане на Гергана Топалова,Birth of Gergana Topalova,2000,,modern,notable_person_birth,1,,,person-gergana-topalova-q61644154,place-plovdiv-city,,source-wikipedia-gergana-topalova
event-birth-aleksandra-nacheva-q55569450,Раждане на Александра Начева,Birth of Aleksandra Nacheva,2001,,modern,notable_person_birth,1,,,person-aleksandra-nacheva-q55569450,place-plovdiv-city,,source-wikipedia-aleksandra-nacheva
event-governance-2001-development-plans,Стратегически планове за развитие на общината,Municipal strategic development plans,2001,2013,modern,governance_change,1,,,,place-plovdiv-city,org-plovdiv-municipality,source-bulnao-plovdiv-property-audit-1998-2005
event-programme-2002-hospital-waste-incinerator,Съоръжение за изгаряне на болнични отпадъци,Hospital-waste incineration facility,2002,2002,modern,municipal_programme,1,,,,place-plovdiv-city,org-plovdiv-municipality,source-bulnao-plovdiv-2002-audit
event-birth-josif-miladinov-q106978619,Раждане на Йосиф Миладинов,Birth of Josif Miladinov,2003,,modern,notable_person_birth,1,,,person-josif-miladinov-q106978619,place-plovdiv-city,,source-wikipedia-josif-miladinov
event-birth-nako-baev-q122904734,Раждане на Нако Баев,Birth of Nako Baev,2003,,modern,notable_person_birth,1,,,person-nako-baev-q122904734,place-plovdiv-city,,source-wikipedia-nako-baev
event-birth-suzanita-q42348994,Раждане на Сузанита,Birth of Suzanita,2003,,modern,notable_person_birth,1,,,person-suzanita-q42348994,place-plovdiv-city,,source-wikipedia-suzanita
event-finance-2005-own-revenue,Събрани собствени приходи през 2005 г.,Collected own revenue in 2005,2005,2005,modern,historical_finance,1,,,,place-plovdiv-city,,source-strategy-bg-plovdiv-functional-analysis-2009
event-finance-2006-own-revenue,Събрани собствени приходи през 2006 г.,Collected own revenue in 2006,2006,2006,modern,historical_finance,1,,,,place-plovdiv-city,,source-strategy-bg-plovdiv-functional-analysis-2009
event-finance-2007-own-revenue,Събрани собствени приходи през 2007 г.,Collected own revenue in 2007,2007,2007,modern,historical_finance,1,,,,place-plovdiv-city,,source-strategy-bg-plovdiv-functional-analysis-2009
event-programme-2007-state-infrastructure-credits,Допълнителни държавни кредити за инфраструктура,Additional state credits for infrastructure,2007,2007,modern,municipal_programme,1,,,,place-plovdiv-city,org-plovdiv-municipality|org-plovdiv-municipal-council,source-ciela-dv-pms-149-plovdiv-infrastructure-2007
event-mayor-63-slavcho-atanasov,Кмет: Славчо Атанасов,Mayor: Slavcho Atanasov,2007,2011,modern,mayor_term,1,,,person-slavcho-atanasov,place-plovdiv-city,org-plovdiv-municipality,source-plovdiv-mayor-archive
event-programme-2007-2013-capital-investment,Капиталова инвестиционна програма по ОПР,Capital investment programme under the municipal development plan,2007,2013,modern,municipal_programme,1,,,,place-plovdiv-city,org-plovdiv-municipality,source-plovdiv-opr-subsequent-evaluation-2007-2013
event-programme-2007-2013-eu-operational-projects,Проекти по оперативните програми на ЕС,EU operational-programme projects,2007,2013,modern,municipal_programme,1,,,,place-plovdiv-city,org-plovdiv-municipality,source-plovdiv-eu-operational-programmes-2007-2013
event-programme-2008-draft-budget-capital-priorities,Проектобюджет и капиталови приоритети за 2008 г.,Draft budget and capital priorities for 2008,2008,2008,modern,municipal_programme,1,,,,place-plovdiv-city,org-plovdiv-municipality,source-gradat-plovdiv-2008-draft-budget
event-finance-2009-adopted-budget,Приет бюджет за 2009 г.,Adopted 2009 budget,2009,,modern,historical_finance,1,,,,place-plovdiv-city,org-plovdiv-municipal-council,source-plovdiv24-budget-2009-adopted
event-programme-2009-state-beautification-subsidy,Допълнителна целева субсидия за благоустрояване,Additional targeted subsidy for public works,2009,2009,modern,municipal_programme,1,,,,place-plovdiv-city,org-plovdiv-municipality|org-plovdiv-municipal-council|org-plovdiv-2019-foundation,source-dv-pms-72-plovdiv-beautification-2009
event-programme-2009-waste-linked-infrastructure,"Инфраструктурни обекти, свързани с приемането на балирани отпадъци",Infrastructure works linked to accepting baled waste,2009,2011,modern,municipal_programme,1,,,,place-ancient-stadium|place-plovdiv-city,org-plovdiv-municipality|org-plovdiv-municipal-council,source-plovdiv-council-2011-waste-infrastructure
event-governance-2010-property-management-programme,Годишна програма за управление на общинската собственост,Annual municipal-property management programme,2010,2010,modern,governance_change,1,,,,place-plovdiv-city,org-plovdiv-municipality|org-plovdiv-municipal-council,source-bulnao-plovdiv-financial-management-followup-2006-2008
event-programme-2010-culture-house-reallocation,Пренасочване към Градския дом на културата,Reallocation to the City House of Culture,2010,2010,modern,municipal_programme,1,,,,place-plovdiv-city,org-plovdiv-municipal-council|org-plovdiv-2019-foundation,source-dv-pms-289-plovdiv-culture-house-reallocation-2010
event-programme-2010-draft-budget-infrastructure-priorities,Инфраструктурни приоритети в проектобюджета за 2010 г.,Infrastructure priorities in the 2010 draft budget,2010,2010,modern,municipal_programme,1,,,,place-plovdiv-city,,source-gradat-plovdiv-2010-draft-budget-infrastructure
event-programme-2010-waste-infrastructure-extra-credits,Допълнителни бюджетни кредити за инфраструктура по казуса със софийските отпадъци,Additional infrastructure budget credits linked to the Sofia waste case,2010,2010,modern,municipal_programme,1,,,,place-plovdiv-city,org-plovdiv-municipality|org-plovdiv-municipal-council,source-dv-pms-138-plovdiv-waste-infrastructure-2010
event-programme-2010-gifted-children-support,Финансово подпомагане на деца с изявени дарби,Financial support for gifted children,2010,2016,modern,municipal_programme,1,,,,place-plovdiv-city,org-plovdiv-municipality|org-plovdiv-municipal-council,source-plovdiv-council-2010-gifted-children
event-mayor-64-inzh-ivan-totev,Кмет: инж. Иван Тотев,Mayor: Eng. Ivan Totev,2011,2019,modern,mayor_term,1,,,person-inzh-ivan-totev,place-plovdiv-city,org-plovdiv-municipality,source-plovdiv-mayor-archive
event-programme-2012-waste-infrastructure-final-transfer,Финален трансфер за инфраструктура по казуса със софийските отпадъци,Final infrastructure transfer linked to the Sofia waste case,2012,2012,modern,municipal_programme,1,,,,place-plovdiv-city,org-plovdiv-municipality|org-plovdiv-municipal-council,source-plovdiv-waste-infrastructure-final-transfer-2012
event-programme-2012-waste-infrastructure-object-list,Списък на обектите към финалния трансфер за софийските бали,Project list for the final Sofia-waste transfer,2012,2012,modern,municipal_programme,1,,,,place-old-town,org-plovdiv-municipal-council,source-ciela-dv-pms-307-plovdiv-waste-infrastructure-2012
event-event-2014-ecoc-candidacy-budget,Целеви средства за кандидатурата за Европейска столица на културата,Dedicated funding for the European Capital of Culture candidacy,2014,2014,modern,cultural_programme,1,,,,place-plovdiv-city,org-plovdiv-municipal-council|org-plovdiv-2019-foundation,source-obshtinski-savet-plovdiv-reshenie-o4-za-byudzhet-2014
event-event-2018-ecoc-implementation-budget,Финансиране за реализация на Пловдив 2019,Funding for the implementation of Plovdiv 2019,2018,2018,modern,cultural_programme,1,,,,place-plovdiv-city,org-plovdiv-municipal-council|org-plovdiv-2019-foundation,source-obshtinski-savet-plovdiv-reshenie-33-za-byudzhet-2018
event-capital-of-culture-2019,Откриване на Европейска столица на културата,European Capital of Culture opening,2019,,modern,historical_timeline,2,,,,place-plovdiv-city,org-plovdiv-2019-foundation,source-european-commission-ecoc-2019|source-plovdiv-2019-opening-of-plovdiv-european-capital-of-culture-2019
event-event-2019-european-capital-of-culture,Пловдив - Европейска столица на културата,Plovdiv - European Capital of Culture,2019,2019,modern,cultural_programme,1,,,,place-plovdiv-city,org-plovdiv-2019-foundation,source-european-commission-ecoc-2019
event-mayor-65-zdravko-dimitrov,Кмет: Здравко Димитров,Mayor: Zdravko Dimitrov,2019,2023,modern,mayor_term,1,,,person-zdravko-dimitrov,place-plovdiv-city,org-plovdiv-municipality,source-plovdiv-mayor-archive
event-mayor-68-kostadin-dimitrov,Кмет: Костадин Димитров,Mayor: Kostadin Dimitrov,2023,,modern,mayor_term,1,,,person-kostadin-dimitrov,place-plovdiv-city,org-plovdiv-municipality,source-administrative-register-plovdiv-mayor
