id,name_bg,name_en,roles,birth_year,death_year,term_events,event_ids,place_ids,organization_ids,source_ids,editorial_status
person-albena-branzova-q2830854,Албена Брънзова-Димитрова,Albena Branzova,athlete|basketball_player,1971,,,event-birth-albena-branzova-q2830854,place-plovdiv-city,,source-wikipedia-albena-branzova,needs_editorial_signoff
person-aleksandra-monedzhikova-q28324141,Александра Монеджикова,Aleksandra Monedzhikova,geographer|scholar,1889,1959,,event-birth-aleksandra-monedzhikova-q28324141,place-plovdiv-city,,source-wikipedia-aleksandra-monedzhikova,needs_editorial_signoff
person-aleksandra-nacheva-q55569450,Александра Начева,Aleksandra Nacheva,athlete,2001,,,event-birth-aleksandra-nacheva-q55569450,place-plovdiv-city,,source-wikipedia-aleksandra-nacheva,needs_editorial_signoff
person-aleksandrina-naydenova-q4715613,Александрина Найденова,Aleksandrina Naydenova,athlete|tennis_player,1992,,,event-birth-aleksandrina-naydenova-q4715613,place-plovdiv-city,,source-wikipedia-aleksandrina-naydenova,needs_editorial_signoff
person-alexandar-komanov-q4718098,Александър Команов,Alexandar Komanov,artist|martial_artist|athlete,1990,,,event-birth-alexandar-komanov-q4718098,place-plovdiv-city,,source-wikipedia-alexandar-komanov,needs_editorial_signoff
person-alexander-pulev-q113383770,Александър Пулев,Alexander Pulev,politician,1981,,,event-birth-alexander-pulev-q113383770,place-plovdiv-city,,source-wikipedia-alexander-pulev,needs_editorial_signoff
person-miro-q2833189,Александър Русев,Miro,wrestler|athlete|rower,1985,,,event-birth-miro-q2833189,place-plovdiv-city,,source-wikipedia-miro,needs_editorial_signoff
person-alexander-sekulov-q30170062,Александър Секулов,Alexander Sekulov,writer|poet,1964,,,event-birth-alexander-sekulov-q30170062,place-plovdiv-city,,source-wikipedia-alexander-sekulov,needs_editorial_signoff
person-aleksandar-khristov-q620406,Александър Христов,Aleksandar Khristov,boxer|athlete,1964,,,event-birth-aleksandar-khristov-q620406,place-plovdiv-city,,source-wikipedia-aleksandar-khristov,needs_editorial_signoff
person-ali-r-za-artunkal-q6086393,Али Ръза Артунгкал,Ali Rıza Artunkal,politician|military_officer,1881,1959,,event-birth-ali-r-za-artunkal-q6086393,place-plovdiv-city,,source-wikipedia-ali-r-za-artunkal,needs_editorial_signoff
person-angel-kodinov-q26218345,Ангел Кодинов,Angel Kodinov,canoeist|athlete,1997,,,event-birth-angel-kodinov-q26218345,place-plovdiv-city,,source-wikipedia-angel-kodinov,needs_editorial_signoff
person-angel-semerdzhiev,Ангел Семерджиев,Ангел Семерджиев,mayor,,,event-mayor-11-angel-semerdzhiev,event-mayor-11-angel-semerdzhiev,place-plovdiv-city,org-plovdiv-municipality,source-plovdiv-mayor-archive,needs_editorial_signoff
person-angelina-mikhaylova-q2493179,Ангелина Михайлова,Angelina Mikhaylova,athlete|basketball_player,1960,,,event-birth-angelina-mikhaylova-q2493179,place-plovdiv-city,,source-wikipedia-angelina-mikhaylova,needs_editorial_signoff
person-aneta-germanova-q2849228,Анета Германова,Aneta Germanova,volleyball_player|athlete,1975,,,event-birth-aneta-germanova-q2849228,place-plovdiv-city,,source-wikipedia-aneta-germanova,needs_editorial_signoff
person-angel-wagenstein-q531900,Анжел Вагенщайн,Angel Wagenstein,film_director|screenwriter|writer,1922,2023,,event-birth-angel-wagenstein-q531900,place-plovdiv-city,,source-wikipedia-angel-wagenstein,needs_editorial_signoff
person-anna-angelova-q4766820,Анна Ангелова,Anna Angelova,fencer|athlete,1971,,,event-birth-anna-angelova-q4766820,place-plovdiv-city,,source-wikipedia-anna-angelova,needs_editorial_signoff
person-henri-calef-q3130778,Анри Калеф,Henri Calef,film_director|screenwriter,1910,1994,,event-birth-henri-calef-q3130778,place-plovdiv-city,,source-wikipedia-henri-calef,needs_editorial_signoff
person-antoaneta-pandjerova-q12272133,Антоанета Панджерова,Antoaneta Pandjerova,tennis_player|athlete,1977,,,event-birth-antoaneta-pandjerova-q12272133,place-plovdiv-city,,source-wikipedia-antoaneta-pandjerova,needs_editorial_signoff
person-antoaneta-strumenlieva-q29054643,Антоанета Струменлиева,Antoaneta Strumenlieva,swimmer|athlete,1968,,,event-birth-antoaneta-strumenlieva-q29054643,place-plovdiv-city,,source-wikipedia-antoaneta-strumenlieva,needs_editorial_signoff
person-antonios-komizopoulos-q16331276,Антониос Комизопулос,Antonios Komizopoulos,merchant|revolutionary,,,,,,,source-wikipedia-antonios-komizopoulos,needs_editorial_signoff
person-apostolos-nikolaidis-q331223,Апостолос Николаидис,Apostolos Nikolaidis,athlete|footballer,1896,1980,,event-birth-apostolos-nikolaidis-q331223,place-plovdiv-city,,source-wikipedia-apostolos-nikolaidis,needs_editorial_signoff
person-armand-tokatyan-q4792706,Арманд Токатян,Armand Tokatyan,singer|opera_singer,1894,1960,,event-birth-armand-tokatyan-q4792706,place-plovdiv-city,,source-wikipedia-armand-tokatyan,needs_editorial_signoff
person-asen-kisimov-q4804159,Асен Кисимов,Asen Kisimov,actor,1936,2005,,event-birth-asen-kisimov-q4804159,place-plovdiv-city,,source-wikipedia-asen-kisimov,needs_editorial_signoff
person-assia-zlatkowa-q4808843,Ася Златкова,Assia Zlatkowa,pianist|musician,1953,,,event-birth-assia-zlatkowa-q4808843,place-plovdiv-city,,source-wikipedia-assia-zlatkowa,needs_editorial_signoff
person-atanas-kostov,Атанас Костов,Атанас Костов,mayor,,,event-mayor-51-atanas-kostov,event-mayor-51-atanas-kostov,place-plovdiv-city,org-plovdiv-municipality,source-plovdiv-mayor-archive,needs_editorial_signoff
person-atanas-mladenov-q4812753,Атанас Младенов,Atanas Mladenov,high_jumper|athlete,1960,,,event-birth-atanas-mladenov-q4812753,place-plovdiv-city,,source-wikipedia-atanas-mladenov,needs_editorial_signoff
person-atanas-samokovliev,Атанас Самоковлиев,Атанас Самоковлиев,mayor,1832,1905,event-mayor-01-atanas-samokovliev,event-mayor-01-atanas-samokovliev,place-plovdiv-city,org-plovdiv-municipality,source-plovdiv-mayor-archive|source-wikipedia-atanas-samokovliev,needs_editorial_signoff
person-atanas-hranov-q27230293,Атанас Хранов,Atanas Hranov,artist|painter,1961,,,event-birth-atanas-hranov-q27230293,place-plovdiv-city,,source-wikipedia-atanas-hranov,needs_editorial_signoff
person-sehbenderzade-ahmed-hilmi-q4695337,Ахмед Хилми от Пловдив,Şehbenderzade Ahmed Hilmi,writer|clergy,1865,1914,,event-birth-sehbenderzade-ahmed-hilmi-q4695337,place-plovdiv-city,,source-wikipedia-ahmed-hilmi-of-filibe,needs_editorial_signoff
person-ayan-sadakov-q1986376,Аян Садъков,Ayan Sadakov,footballer,1961,2017,,event-birth-ayan-sadakov-q1986376,place-plovdiv-city,,source-wikipedia-ayan-sadakov,needs_editorial_signoff
person-bigal-mehmet-cavus-q40091527,Бигалъ Мехмет Чавуш,Bigalı Mehmet Çavuş,military_officer,1878,1964,,event-birth-bigal-mehmet-cavus-q40091527,place-plovdiv-city,,source-wikipedia-bigal-mehmet-cavus,needs_editorial_signoff
person-biser-boyadzhiev-q56224072,Бисер Бояджиев,Biser Boyadzhiev,rower|athlete,1948,,,event-birth-biser-boyadzhiev-q56224072,place-plovdiv-city,,source-wikipedia-biser-boyadzhiev,needs_editorial_signoff
person-blagovest-belev-q110881376,Благовест Белев,Blagovest Belev,politician,1963,,,event-birth-blagovest-belev-q110881376,place-plovdiv-city,,source-wikipedia-blagovest-belev,needs_editorial_signoff
person-bogdan-stefanov-dobranov-q4937469,Богдан Добранов,Bogdan Stefanov Dobranov,clergy,1914,1983,,event-birth-bogdan-stefanov-dobranov-q4937469,place-plovdiv-city,,source-wikipedia-bogdan-stefanov-dobranov,needs_editorial_signoff
person-bozhidar-zdravkov,Божидар Здравков,Божидар Здравков,mayor,1884,1959,event-mayor-43-bozhidar-zdravkov|event-mayor-45-bozhidar-zdravkov,event-mayor-43-bozhidar-zdravkov|event-mayor-45-bozhidar-zdravkov,place-plovdiv-city,org-plovdiv-municipality,source-plovdiv-mayor-archive|source-wikipedia-bozhidar-zdravkov,needs_editorial_signoff
person-bozhidar-milenkov-q4952838,Божидар Миленков,Bozhidar Milenkov,canoeist|athlete,1954,,,event-birth-bozhidar-milenkov-q4952838,place-plovdiv-city,,source-wikipedia-bozhidar-milenkov,needs_editorial_signoff
person-bozhidar-pampoulov-q12273506,Божидар Пампулов,Bozhidar Pampoulov,tennis_player|athlete,1949,,,event-birth-bozhidar-pampoulov-q12273506,place-plovdiv-city,,source-wikipedia-bozhidar-pampoulov,needs_editorial_signoff
person-bojidara-kouzmanova-q891182,Божидара Кузманова,Bojidara Kouzmanova,violinist|musician,1977,,,event-birth-bojidara-kouzmanova-q891182,place-plovdiv-city,,source-wikipedia-bojidara-kouzmanova,needs_editorial_signoff
person-bonka-pindzheva-q4942123,Бонка Пинджева,Bonka Pindzheva,canoeist|athlete,1970,,,event-birth-bonka-pindzheva-q4942123,place-plovdiv-city,,source-wikipedia-bonka-pindzheva,needs_editorial_signoff
person-boris-grezhov-q12273675,Борис Грежов,Boris Grezhov,actor,1889,1968,,event-birth-boris-grezhov-q12273675,place-plovdiv-city,,source-wikipedia-boris-grezov,needs_editorial_signoff
person-boris-komitov-q21077775,Борис Комитов,Boris Komitov,singer|musician,1952,,,event-birth-boris-komitov-q21077775,place-plovdiv-city,,source-wikipedia-boris-komitov,needs_editorial_signoff
person-boris-christoff-q362106,Борис Христов,Boris Christoff,opera_singer|musician,1914,1993,,event-birth-boris-christoff-q362106,place-plovdiv-city,,source-wikipedia-boris-christoff,needs_editorial_signoff
person-boyan-petkanchin-q12273874,Боян Петканчин,Boyan Petkanchin,mathematician|scholar,1907,1987,,event-birth-boyan-petkanchin-q12273874,place-plovdiv-city,,source-wikipedia-boyan-petkanchin,needs_editorial_signoff
person-boyanka-kostova-q2922996,Боянка Костова,Boyanka Kostova,weightlifter|athlete,1993,,,event-birth-boyanka-kostova-q2922996,place-plovdiv-city,,source-wikipedia-boyanka-kostova,needs_editorial_signoff
person-vaklush-tolev-q17409993,Ваклуш Толев,Vaklush Tolev,military_officer|writer,1923,2013,,event-birth-vaklush-tolev-q17409993,place-plovdiv-city,,source-wikipedia-vaklush-tolev,needs_editorial_signoff
person-vasil-mirchev-q1448586,Васил Мирчев,Vasil Mirchev,film_director,1927,2003,,event-birth-vasil-mirchev-q1448586,place-plovdiv-city,,source-wikipedia-vasil-mirchev,needs_editorial_signoff
person-vladimir-angelov-q124670137,Владимир Ангелов,Vladimir Angelov,choreographer,1966,,,event-birth-vladimir-angelov-q124670137,place-plovdiv-city,,source-wikipedia-vladimir-angelov,needs_editorial_signoff
person-vladimir-arabadzhiev-q188383,Владимир Арабаджиев,Vladimir Arabadzhiev,racing_driver|athlete,1984,,,event-birth-vladimir-arabadzhiev-q188383,place-plovdiv-city,,source-wikipedia-vladimir-arabadzhiev,needs_editorial_signoff
person-vladimir-zombori-q28740172,Владимир Зомбори,Vladimir Zombori,actor,1988,,,event-birth-vladimir-zombori-q28740172,place-plovdiv-city,,source-wikipedia-vladimir-zombori,needs_editorial_signoff
person-valko-shopov,Вълко Шопов,Вълко Шопов,mayor,1856,1918,event-mayor-24-vlko-shopov,event-mayor-24-vlko-shopov,place-plovdiv-city,org-plovdiv-municipality,source-plovdiv-mayor-archive|source-wikipedia-valko-shopov,needs_editorial_signoff
person-genko-rashkov-q91343087,Генко Рашков,Genko Rashkov,athlete|equestrian,1920,1996,,event-birth-genko-rashkov-q91343087,place-plovdiv-city,,source-wikipedia-genko-rashkov,needs_editorial_signoff
person-georgi-atanasov-q5547103,Георги Атанасов,Georgi Atanasov,composer|musician,1882,1931,,event-birth-georgi-atanasov-q5547103,place-plovdiv-city,,source-wikipedia-georgi-atanasov,needs_editorial_signoff
person-georgi-georgiev-q2616489,Георги Георгиев,Georgi Georgiev,footballer,1963,,,event-birth-georgi-georgiev-q2616489,place-plovdiv-city,,source-wikipedia-georgi-georgiev,needs_editorial_signoff
person-georgi-dermendzhiev-q12276391,Георги Дерменджиев,Georgi Dermendzhiev,footballer,1955,,,event-birth-georgi-dermendzhiev-q12276391,place-plovdiv-city,,source-wikipedia-georgi-dermendzhiev,needs_editorial_signoff
person-georgi-dzhevizov,Георги Джевизов,Георги Джевизов,mayor,,,event-mayor-21-georgi-dzhevizov|event-mayor-26-georgi-dzhevizov,event-mayor-21-georgi-dzhevizov|event-mayor-26-georgi-dzhevizov,place-plovdiv-city,org-plovdiv-municipality,source-plovdiv-mayor-archive|source-wikipedia-georgi-dzhevizov,needs_editorial_signoff
person-georgi-ivanov-q593740,Георги Иванов - Гонзо,Georgi Ivanov,footballer,1976,,,event-birth-georgi-ivanov-q593740,place-plovdiv-city,,source-wikipedia-georgi-ivanov,needs_editorial_signoff
person-georgi-yordanov-q2628915,Георги Йорданов,Georgi Yordanov,footballer,1963,,,event-birth-georgi-yordanov-q2628915,place-plovdiv-city,,source-wikipedia-georgi-yordanov,needs_editorial_signoff
person-georgi-kabakov-q21063886,Георги Кабаков,Georgi Kabakov,football_referee,1986,,,event-birth-georgi-kabakov-q21063886,place-plovdiv-city,,source-wikipedia-georgi-kabakov,needs_editorial_signoff
person-georgi-karaslavov-q3622160,Георги Караславов,Georgi Karaslavov,writer,1904,1980,,event-birth-georgi-karaslavov-q3622160,place-plovdiv-city,,source-wikipedia-georgi-karaslavov,needs_editorial_signoff
person-georgi-popov-q2472095,Георги Попов,Georgi Popov,footballer,1944,2024,,event-birth-georgi-popov-q2472095,place-plovdiv-city,,source-wikipedia-georgi-popov,needs_editorial_signoff
person-georgi-todorov,Георги Тодоров,Георги Тодоров,mayor,,,event-mayor-44-georgi-todorov,event-mayor-44-georgi-todorov,place-plovdiv-city,org-plovdiv-municipality,source-plovdiv-mayor-archive,needs_editorial_signoff
person-georgi-tringov-q961715,Георги Трингов,Georgi Tringov,chess_player,1937,2000,,event-birth-georgi-tringov-q961715,place-plovdiv-city,,source-wikipedia-georgi-tringov,needs_editorial_signoff
person-georgi-hristov-q1399131,Георги Христов,Georgi Hristov,footballer,1985,,,event-birth-georgi-hristov-q1399131,place-plovdiv-city,,source-wikipedia-georgi-hristov,needs_editorial_signoff
person-georgios-kleovoulos-q18912873,Георгиос Клеовулос,Georgios Kleovoulos,scholar|educator,1785,1828,,event-birth-georgios-kleovoulos-q18912873,place-plovdiv-city,,source-wikipedia-georgios-kleovoulos,needs_editorial_signoff
person-gergana-topalova-q61644154,Гергана Топалова,Gergana Topalova,athlete|tennis_player,2000,,,event-birth-gergana-topalova-q61644154,place-plovdiv-city,,source-wikipedia-gergana-topalova,needs_editorial_signoff
person-grigor-palikarov-q50987576,Григор Паликаров,Grigor Palikarov,conductor|composer|pianist,1971,,,event-birth-grigor-palikarov-q50987576,place-plovdiv-city,,source-wikipedia-grigor-palikarov,needs_editorial_signoff
person-d-r-asen-kozhuharov,д-р Асен Кожухаров,д-р Асен Кожухаров,mayor,,,event-mayor-48-d-r-asen-kozhuharov,event-mayor-48-d-r-asen-kozhuharov,place-plovdiv-city,org-plovdiv-municipality,source-plovdiv-mayor-archive,needs_editorial_signoff
person-d-r-garabed-tomasyan,д-р Гарабед Томасян,д-р Гарабед Томасян,mayor,1935,2014,event-mayor-60-d-r-garabed-tomasyan,event-mayor-60-d-r-garabed-tomasyan,place-plovdiv-city,org-plovdiv-municipality,source-plovdiv-mayor-archive|source-wikipedia-d-r-garabed-tomasyan,needs_editorial_signoff
person-d-r-ivan-kesyakov,д-р Иван Кесяков,д-р Иван Кесяков,mayor,1871,1965,event-mayor-25-d-r-ivan-kesyakov|event-mayor-36-d-r-ivan-kesyakov,event-mayor-25-d-r-ivan-kesyakov|event-mayor-36-d-r-ivan-kesyakov,place-plovdiv-city,org-plovdiv-municipality,source-plovdiv-mayor-archive|source-wikipedia-d-r-ivan-kesyakov,needs_editorial_signoff
person-d-r-ivan-chomakov,Д-р Иван Чомаков,Д-р Иван Чомаков,mayor,1953,,event-mayor-62-d-r-ivan-chomakov,event-mayor-62-d-r-ivan-chomakov,place-plovdiv-city,org-plovdiv-municipality,source-plovdiv-mayor-archive|source-wikipedia-d-r-ivan-chomakov,needs_editorial_signoff
person-d-r-panayot-kostov,д-р Панайот Костов,д-р Панайот Костов,mayor,,,event-mayor-40-d-r-panayot-kostov,event-mayor-40-d-r-panayot-kostov,place-plovdiv-city,org-plovdiv-municipality,source-plovdiv-mayor-archive,needs_editorial_signoff
person-d-r-sotir-antoniadi,д-р Сотир Антониади,д-р Сотир Антониади,mayor,1843,1928,event-mayor-04-d-r-sotir-antoniadi,event-mayor-04-d-r-sotir-antoniadi,place-plovdiv-city,org-plovdiv-municipality,source-plovdiv-mayor-archive|source-wikipedia-d-r-sotir-antoniadi,needs_editorial_signoff
person-d-r-hristo-tanchev,д-р Христо Танчев,д-р Христо Танчев,mayor,,,event-mayor-20-d-r-hristo-tanchev,event-mayor-20-d-r-hristo-tanchev,place-plovdiv-city,org-plovdiv-municipality,source-plovdiv-mayor-archive,needs_editorial_signoff
person-danail-yurukov,Данаил Юруков,Данаил Юруков,mayor,1852,1926,event-mayor-16-danail-yurukov,event-mayor-16-danail-yurukov,place-plovdiv-city,org-plovdiv-municipality,source-plovdiv-mayor-archive|source-wikipedia-danail-yurukov,needs_editorial_signoff
person-delyana-dacheva-q5254970,Деляна Дачева,Delyana Dacheva,athlete|canoeist,1982,,,event-birth-delyana-dacheva-q5254970,place-plovdiv-city,,source-wikipedia-delyana-dacheva,needs_editorial_signoff
person-deno-manev,Деньо Манев,Деньо Манев,mayor,,,event-mayor-28-deno-manev,event-mayor-28-deno-manev,place-plovdiv-city,org-plovdiv-municipality,source-plovdiv-mayor-archive|source-wikipedia-deno-manev,needs_editorial_signoff
person-diana-paliiska-q3079920,Диана Палийска,Diana Paliiska,athlete|canoeist,1966,,,event-birth-diana-paliiska-q3079920,place-plovdiv-city,,source-wikipedia-diana-paliiska,needs_editorial_signoff
person-diana-petkova-q100251384,Диана Петкова,Diana Petkova,swimmer|athlete,2000,,,event-birth-diana-petkova-q100251384,place-plovdiv-city,,source-wikipedia-diana-petkova,needs_editorial_signoff
person-dimitar-bakalov,Димитър Бакалов,Димитър Бакалов,mayor,,,event-mayor-57-dimitr-bakalov,event-mayor-57-dimitr-bakalov,place-plovdiv-city,org-plovdiv-municipality,source-plovdiv-mayor-archive,needs_editorial_signoff
person-dimitar-galinchev-q62629029,Димитър Галинчев,Dimitar Galinchev,wrestler|athlete,1938,2020,,event-birth-dimitar-galinchev-q62629029,place-plovdiv-city,,source-wikipedia-dimitar-galinchev,needs_editorial_signoff
person-dimitre-dinev-q87994,Димитър Динев,Dimitré Dinev,writer,1968,,,event-birth-dimitre-dinev-q87994,place-plovdiv-city,,source-wikipedia-dimitre-dinev,needs_editorial_signoff
person-dimitar-kamburski-q47455173,Димитър Камбурски,Dimitar Kamburski,rower|athlete,1966,,,event-birth-dimitar-kamburski-q47455173,place-plovdiv-city,,source-wikipedia-dimitar-kamburski,needs_editorial_signoff
person-dimitar-kostov,Димитър Костов,Димитър Костов,mayor,,,event-mayor-47-dimitr-kostov,event-mayor-47-dimitr-kostov,place-plovdiv-city,org-plovdiv-municipality,source-plovdiv-mayor-archive,needs_editorial_signoff
person-dimitar-krastanov-q26790006,Димитър Кръстанов,Dimitar Krastanov,modern_pentathlete|athlete,1994,,,event-birth-dimitar-krastanov-q26790006,place-plovdiv-city,,source-wikipedia-dimitar-krastanov,needs_editorial_signoff
person-dimitar-kuzmanov-q12061061,Димитър Кузманов,Dimitar Kuzmanov,tennis_player|athlete,1993,,,event-birth-dimitar-kuzmanov-q12061061,place-plovdiv-city,,source-wikipedia-dimitar-kuzmanov,needs_editorial_signoff
person-dimitar-lukanov-q5277432,Димитър Луканов,Dimitar Lukanov,artist,1969,2023,,event-birth-dimitar-lukanov-q5277432,place-plovdiv-city,,source-wikipedia-dimitar-lukanov,needs_editorial_signoff
person-dimitar-radev-q25431484,Димитър Радев,Dimitar Radev,economist,1956,,,event-birth-dimitar-radev-q25431484,place-plovdiv-city,,source-wikipedia-dimitar-radev,needs_editorial_signoff
person-dimitar-sagaev-q5277445,Димитър Сагаев,Dimitar Sagaev,composer|musician,1915,2003,,event-birth-dimitar-sagaev-q5277445,place-plovdiv-city,,source-wikipedia-dimitar-sagaev,needs_editorial_signoff
person-dimitar-sveshtarov,Димитър Свещаров,Димитър Свещаров,mayor,,,event-mayor-09-dimitr-sveshtarov,event-mayor-09-dimitr-sveshtarov,place-plovdiv-city,org-plovdiv-municipality,source-plovdiv-mayor-archive,needs_editorial_signoff
person-dinko-dermendzhiev-q2444179,Динко Дерменджиев,Dinko Dermendzhiev,footballer,1941,2019,,event-birth-dinko-dermendzhiev-q2444179,place-plovdiv-city,,source-wikipedia-dinko-dermendzhiev,needs_editorial_signoff
person-diran-parikyan,Диран Парикян,Диран Парикян,mayor,1921,2009,event-mayor-55-diran-parikyan,event-mayor-55-diran-parikyan,place-plovdiv-city,org-plovdiv-municipality,source-plovdiv-mayor-archive|source-wikipedia-diran-parikyan,needs_editorial_signoff
person-dobrinka-tabakova-q4449195,Добринка Табакова,Dobrinka Tabakova,composer|musician,1980,,,event-birth-dobrinka-tabakova-q4449195,place-plovdiv-city,,source-wikipedia-dobrinka-tabakova,needs_editorial_signoff
person-donka-angatscheva-q43900827,Донка Ангъчева,Donka Angatscheva,pianist|musician,1979,,,event-birth-donka-angatscheva-q43900827,place-plovdiv-city,,source-wikipedia-donka-angatscheva,needs_editorial_signoff
person-dragan-manchov,Драган Манчов,Драган Манчов,mayor,1834,1908,event-mayor-19-dragan-manchov,event-mayor-19-dragan-manchov,place-plovdiv-city,org-plovdiv-municipality,source-plovdiv-mayor-archive|source-wikipedia-dragan-manchov,needs_editorial_signoff
person-eugenius-ii-of-constantinople-q1884172,Евгений II Константинополски,Eugenius II of Constantinople,clergy|patriarch,1780,1822,,event-birth-eugenius-ii-of-constantinople-q1884172,place-plovdiv-city,,source-wikipedia-eugenius-ii-of-constantinople,needs_editorial_signoff
person-evdokiya-pandezova-q43783582,Евдокия Пандезова,Evdokiya Pandezova,athlete|gymnast,1947,,,event-birth-evdokiya-pandezova-q43783582,place-plovdiv-city,,source-wikipedia-evdokiya-pandezova,needs_editorial_signoff
person-edward-haskell-q5343358,Едуард Фрьолих Хаскел,Edward Haskell,scientist|scholar,1906,1990,,event-birth-edward-haskell-q5343358,place-plovdiv-city,,source-wikipedia-edward-haskell,needs_editorial_signoff
person-elisaveta-konsulova-vazova-q12279745,Елисавета Консулова-Вазова,Elisaveta Konsulova-Vazova,artist|painter,1881,1965,,event-birth-elisaveta-konsulova-vazova-q12279745,place-plovdiv-city,,source-wikipedia-elisaveta-konsulova-vazova,needs_editorial_signoff
person-emanuel-zisman-q949226,Емануел Зисман,Emanuel Zisman,politician|diplomat|journalist,1935,2009,,event-birth-emanuel-zisman-q949226,place-plovdiv-city,,source-wikipedia-emanuel-zisman,needs_editorial_signoff
person-emil-stoyanov-q1336888,Емил Стоянов,Emil Stoyanov,politician,1959,,,event-birth-emil-stoyanov-q1336888,place-plovdiv-city,,source-wikipedia-emil-stoyanov|source-wikidata-emil-stoyanov,needs_editorial_signoff
person-emma-tahmizian-q433159,Емма Тахмизян,Emma Tahmizian,pianist|musician,1957,,,event-birth-emma-tahmizian-q433159,place-plovdiv-city,,source-wikipedia-emma-tahmizian,needs_editorial_signoff
person-enis-akaygen-q6067938,Енис Акайген,Enis Akaygen,diplomat|politician,1880,1956,,event-birth-enis-akaygen-q6067938,place-plovdiv-city,,source-wikipedia-enis-akaygen,needs_editorial_signoff
person-enyu-manolov,Еню Манолов,Еню Манолов,mayor,,,event-mayor-42-enyu-manolov,event-mayor-42-enyu-manolov,place-plovdiv-city,org-plovdiv-municipality,source-plovdiv-mayor-archive,needs_editorial_signoff
person-hermas-of-philippopolis-q1376386,Ерм от Филипопол,Hermas of Philippopolis,clergy|saint,,100,,,,,source-wikipedia-hermas-of-philippopolis,needs_editorial_signoff
person-zhan-videnov-q511954,Жан Виденов,Zhan Videnov,politician,1959,,,event-birth-zhan-videnov-q511954,place-plovdiv-city,,source-wikipedia-zhan-videnov,needs_editorial_signoff
person-jeanette-spassova-q15212955,Жанет Спасова,Jeanette Spassova,actor,1962,,,event-birth-jeanette-spassova-q15212955,place-plovdiv-city,,source-wikipedia-jeanette-spassova,needs_editorial_signoff
person-george-ganchev-q12280185,Жорж Ганчев,George Ganchev,politician,1939,2019,,event-birth-george-ganchev-q12280185,place-plovdiv-city,,source-wikipedia-george-ganchev,needs_editorial_signoff
person-zdravko-dimitrov,Здравко Димитров,Здравко Димитров,mayor,1963,,event-mayor-65-zdravko-dimitrov,event-mayor-65-zdravko-dimitrov,place-plovdiv-city,org-plovdiv-municipality,source-plovdiv-mayor-archive|source-wikipedia-zdravko-dimitrov,needs_editorial_signoff
person-iva-prandzheva-q263942,Ива Пранджева,Iva Prandzheva,athlete,1972,,,event-birth-iva-prandzheva-q263942,place-plovdiv-city,,source-wikipedia-iva-prandzheva,needs_editorial_signoff
person-ivan-andonov-q1675895,Иван Андонов,Ivan Andonov,actor|film_director,1934,2011,,event-birth-ivan-andonov-q1675895,place-plovdiv-city,,source-wikipedia-ivan-andonov,needs_editorial_signoff
person-ivan-demerdzhiev-q109467177,Иван Демерджиев,Ivan Demerdzhiev,jurist|politician,1975,,,event-birth-ivan-demerdzhiev-q109467177,place-plovdiv-city,,source-wikipedia-ivan-demerdzhiev,needs_editorial_signoff
person-ivan-dimitrov,Иван Димитров,Иван Димитров,mayor,,,event-mayor-52-ivan-dimitrov,event-mayor-52-ivan-dimitrov,place-plovdiv-city,org-plovdiv-municipality,source-plovdiv-mayor-archive,needs_editorial_signoff
person-ivan-evstratiev-geshov-q523393,Иван Евстратиев Гешов,Ivan Evstratiev Geshov,politician,1849,1924,,event-birth-ivan-evstratiev-geshov-q523393,place-plovdiv-city,,source-wikipedia-ivan-evstratiev-geshov,needs_editorial_signoff
person-ivan-kostov-nikolov-q6096688,Иван Костов,Ivan Kostov Nikolov,mineralogist|scholar,1914,2004,,event-birth-ivan-kostov-nikolov-q6096688,place-plovdiv-city,,source-wikipedia-ivan-kostov-nikolov,needs_editorial_signoff
person-ivan-panev,Иван Панев,Иван Панев,mayor,,,event-mayor-53-ivan-panev,event-mayor-53-ivan-panev,place-plovdiv-city,org-plovdiv-municipality,source-plovdiv-mayor-archive,needs_editorial_signoff
person-ivan-perpeliev,Иван Перпелиев,Иван Перпелиев,mayor,,,event-mayor-49-ivan-perpeliev,event-mayor-49-ivan-perpeliev,place-plovdiv-city,org-plovdiv-municipality,source-plovdiv-mayor-archive,needs_editorial_signoff
person-ivan-stanchev,Иван Станчев,Иван Станчев,mayor,,,event-mayor-38-ivan-stanchev,event-mayor-38-ivan-stanchev,place-plovdiv-city,org-plovdiv-municipality,source-plovdiv-mayor-archive,needs_editorial_signoff
person-ivan-stefanov-geshov,Иван Стефанов Гешов,Иван Стефанов Гешов,mayor,1854,1932,event-mayor-03-ivan-stefanov-geshov,event-mayor-03-ivan-stefanov-geshov,place-plovdiv-city,org-plovdiv-municipality,source-plovdiv-mayor-archive|source-wikipedia-ivan-stefanov-geshov,needs_editorial_signoff
person-ivan-stoitsov-q12281221,Иван Стоицов,Ivan Stoitsov,weightlifter|athlete,1985,,,event-birth-ivan-stoitsov-q12281221,place-plovdiv-city,,source-wikipedia-ivan-stoitsov,needs_editorial_signoff
person-ivanka-vancheva-q11714525,Иванка Ванчева,Ivanka Vancheva,rower|athlete|javelin_thrower,1953,2020,,event-birth-ivanka-vancheva-q11714525,place-plovdiv-city,,source-wikipedia-ivanka-vancheva,needs_editorial_signoff
person-iliya-dzhivondov-q1658512,Илия Дживондов,Iliya Dzhivondov,athlete,1978,,,event-birth-iliya-dzhivondov-q1658512,place-plovdiv-city,,source-wikipedia-iliya-dzhivondov,needs_editorial_signoff
person-iliya-zhelev-q1658519,Илия Желев,Iliya Zhelev,artist|painter,1961,,,event-birth-iliya-zhelev-q1658519,place-plovdiv-city,,source-wikipedia-iliya-zhelev,needs_editorial_signoff
person-ilian-djevelekov-q5997999,Илиян Джевелеков,Ilian Djevelekov,film_director|screenwriter|producer,1966,,,event-birth-ilian-djevelekov-q5997999,place-plovdiv-city,,source-wikipedia-ilian-djevelekov,needs_editorial_signoff
person-ina-deltcheva-q4944554,Ина Делчева,Ina Deltcheva,gymnast|athlete,1977,,,event-birth-ina-deltcheva-q4944554,place-plovdiv-city,,source-wikipedia-ina-deltcheva,needs_editorial_signoff
person-inzh-ivan-totev,инж. Иван Тотев,инж. Иван Тотев,mayor,1975,,event-mayor-64-inzh-ivan-totev,event-mayor-64-inzh-ivan-totev,place-plovdiv-city,org-plovdiv-municipality,source-plovdiv-mayor-archive|source-wikipedia-inzh-ivan-totev,needs_editorial_signoff
person-irmena-chichikova-q22957946,Ирмена Чичикова,Irmena Chichikova,actor,1984,,,event-birth-irmena-chichikova-q22957946,place-plovdiv-city,,source-wikipedia-irmena-chichikova,needs_editorial_signoff
person-isaac-passy-q2901020,Исак Паси,Isaac Passy,philosopher|art_historian|scholar,1928,2010,,event-birth-isaac-passy-q2901020,place-plovdiv-city,,source-wikipedia-isaac-passy|source-wikidata-isaac-passy,needs_editorial_signoff
person-yoan-leviev-q12282012,Йоан Левиев,Yoan Leviev,artist|painter,1934,1994,,event-birth-yoan-leviev-q12282012,place-plovdiv-city,,source-wikipedia-yoan-leviev|source-wikidata-yoan-leviev,needs_editorial_signoff
person-yordan-yovchev-q887271,Йордан Йовчев,Yordan Yovchev,athlete|gymnast,1973,,,event-birth-yordan-yovchev-q887271,place-plovdiv-city,,source-wikipedia-yordan-yovchev,needs_editorial_signoff
person-josaphat-chichkov-q6279177,Йосафат Шишков,Josaphat Chichkov,clergy|priest,1884,1952,,event-birth-josaphat-chichkov-q6279177,place-plovdiv-city,,source-wikipedia-josaphat-chichkov,needs_editorial_signoff
person-josif-miladinov-q106978619,Йосиф Миладинов,Josif Miladinov,swimmer|athlete,2003,,,event-birth-josif-miladinov-q106978619,place-plovdiv-city,,source-wikipedia-josif-miladinov,needs_editorial_signoff
person-kalofer-khristozov-q12282435,Калофер Христозов,Kalofer Khristozov,gymnast|athlete,1969,,,event-birth-kalofer-khristozov-q12282435,place-plovdiv-city,,source-wikipedia-kalofer-khristozov,needs_editorial_signoff
person-kemal-yas-nk-l-c-q19611675,Кемал Яшънкълъч,Kemal Yaşınkılıç,politician|military_officer,1891,1975,,event-birth-kemal-yas-nk-l-c-q19611675,place-plovdiv-city,,source-wikipedia-kemal-yas-nk-l-c,needs_editorial_signoff
person-keraca-visulceva-q3397196,Кераца Висулчева,Keraca Visulceva,artist|painter,1911,2004,,event-birth-keraca-visulceva-q3397196,place-plovdiv-city,,source-wikipedia-keraca-visulceva,needs_editorial_signoff
person-kiril-petkov-q106928258,Кирил Петков,Kiril Petkov,economist|politician,1980,,,event-birth-kiril-petkov-q106928258,place-plovdiv-city,,source-wikipedia-kiril-petkov,needs_editorial_signoff
person-konstantin-lukash-q4268731,Константин Лукаш,Konstantin Lukash,military_officer|general,1890,1945,,event-birth-konstantin-lukash-q4268731,place-plovdiv-city,,source-wikipedia-konstantin-lukash,needs_editorial_signoff
person-konstantin-mitev-q61638808,Константин Митев,Konstantin Mitev,volleyball_player|athlete,1964,,,event-birth-konstantin-mitev-q61638808,place-plovdiv-city,,source-wikipedia-konstantin-mitev,needs_editorial_signoff
person-konstantin-stoilov-q523488,Константин Стоилов,Konstantin Stoilov,politician,1853,1901,,event-birth-konstantin-stoilov-q523488,place-plovdiv-city,,source-wikipedia-konstantin-stoilov,needs_editorial_signoff
person-konstantin-hadzhikalchov,Константин Хаджикалчов,Константин Хаджикалчов,mayor,1856,1940,event-mayor-12-konstantin-hadzhikalchov,event-mayor-12-konstantin-hadzhikalchov,place-plovdiv-city,org-plovdiv-municipality,source-plovdiv-mayor-archive|source-wikipedia-konstantin-hadzhikalchov,needs_editorial_signoff
person-kosta-kumanov,Коста Куманов,Коста Куманов,mayor,,,event-mayor-54-kosta-kumanov,event-mayor-54-kosta-kumanov,place-plovdiv-city,org-plovdiv-municipality,source-plovdiv-mayor-archive,needs_editorial_signoff
person-kostadin-dimitrov,Костадин Димитров,Kostadin Dimitrov,mayor,1975,,event-mayor-68-kostadin-dimitrov,event-mayor-68-kostadin-dimitrov,place-plovdiv-city,org-plovdiv-municipality,source-administrative-register-plovdiv-mayor|source-wikipedia-kostadin-dimitrov,needs_editorial_signoff
person-kostadin-tilev-q62011159,Костадин Тилев,Kostadin Tilev,athlete|weightlifter,1942,,,event-birth-kostadin-tilev-q62011159,place-plovdiv-city,,source-wikipedia-kostadin-tilev,needs_editorial_signoff
person-kostaki-peev,Костаки Пеев,Костаки Пеев,mayor,1843,1920,event-mayor-02-kostaki-peev|event-mayor-07-kostaki-peev,event-mayor-02-kostaki-peev|event-mayor-07-kostaki-peev,place-plovdiv-city,org-plovdiv-municipality,source-plovdiv-mayor-archive|source-wikipedia-kostaki-peev,needs_editorial_signoff
person-krasimir-dounev-q3199606,Красимир Дунев,Krasimir Dounev,artist|gymnast|athlete,1972,,,event-birth-krasimir-dounev-q3199606,place-plovdiv-city,,source-wikipedia-krasimir-dounev,needs_editorial_signoff
person-krikor-azaryan-q1902725,Крикор Азарян,Krikor Azaryan,theatre_director,1934,2009,,event-birth-krikor-azaryan-q1902725,place-plovdiv-city,,source-wikipedia-krikor-azaryan,needs_editorial_signoff
person-kristian-vasilev-q26254381,Кристиян Василев,Kristian Vasilev,rower|athlete,1991,,,event-birth-kristian-vasilev-q26254381,place-plovdiv-city,,source-wikipedia-kristian-vasilev,needs_editorial_signoff
person-kuncho-kunchev-q60685867,Кунчо Кунчев,Kuncho Kunchev,athlete|boxer,1951,,,event-birth-kuncho-kunchev-q60685867,place-plovdiv-city,,source-wikipedia-kuncho-kunchev,needs_editorial_signoff
person-lalka-berberova-q6480436,Лалка Берберова,Lalka Berberova,rower|athlete,1965,2006,,event-birth-lalka-berberova-q6480436,place-plovdiv-city,,source-wikipedia-lalka-berberova|source-wikidata-lalka-berberova,needs_editorial_signoff
person-lilyana-tomova-q274862,Лиляна Томова,Lilyana Tomova,athlete,1946,,,event-birth-lilyana-tomova-q274862,place-plovdiv-city,,source-wikipedia-lilyana-tomova,needs_editorial_signoff
person-luba-lukova-q23882767,Люба Лукова,Luba Lukova,visual_artist|designer,1960,,,event-birth-luba-lukova-q23882767,place-plovdiv-city,,source-wikipedia-luba-lukova,needs_editorial_signoff
person-lyubomir-lyubenov-q3305536,Любомир Любенов,Lyubomir Lyubenov,canoeist|athlete,1957,,,event-birth-lyubomir-lyubenov-q3305536,place-plovdiv-city,,source-wikipedia-lyubomir-lyubenov,needs_editorial_signoff
person-magdalina-valchanova-q3656840,Магдалина Вълчанова,Magdalina Valchanova,model,1977,,,event-birth-magdalina-valchanova-q3656840,place-plovdiv-city,,source-wikipedia-magdalina-valchanova,needs_editorial_signoff
person-madelaine-bohme-q21264297,Мадлен Бьоме,Madelaine Böhme,scientist|paleontologist|academic,1967,,,event-birth-madelaine-bohme-q21264297,place-plovdiv-city,,source-wikipedia-madelaine-bohme,needs_editorial_signoff
person-mancho-manev,Манчо Манев,Манчо Манев,mayor,,,event-mayor-13-mancho-manev,event-mayor-13-mancho-manev,place-plovdiv-city,org-plovdiv-municipality,source-plovdiv-mayor-archive,needs_editorial_signoff
person-mara-maleeva-zhivkova-q11767290,Мара Малеева-Живкова,Mara Maleeva-Zhivkova,public_figure|first_lady,1911,1971,,event-birth-mara-maleeva-zhivkova-q11767290,place-plovdiv-city,,source-wikipedia-mara-maleeva-zhivkova,needs_editorial_signoff
person-marin-yonchev-q6763764,Марин Йончев,Marin Yonchev,singer|musician,1988,,,event-birth-marin-yonchev-q6763764,place-plovdiv-city,,source-wikipedia-marin-yonchev,needs_editorial_signoff
person-mariya-petkova-q258505,Мария Вергова-Петкова,Mariya Petkova,athlete,1950,,,event-birth-mariya-petkova-q258505,place-plovdiv-city,,source-wikipedia-mariya-petkova,needs_editorial_signoff
person-mariya-kartalova-q16207828,Мария Карталова,Mariya Kartalova,athlete|gymnast,1969,,,event-birth-mariya-kartalova-q16207828,place-plovdiv-city,,source-wikipedia-mariya-kartalova,needs_editorial_signoff
person-maria-neykova-q12286011,Мария Нейкова,Maria Neykova,singer|musician,1945,2002,,event-birth-maria-neykova-q12286011,place-plovdiv-city,,source-wikipedia-maria-neykova,needs_editorial_signoff
person-maria-petrova-q2629523,Мария Петрова,Maria Petrova,artist|gymnast|athlete,1975,,,event-birth-maria-petrova-q2629523,place-plovdiv-city,,source-wikipedia-maria-petrova,needs_editorial_signoff
person-maria-toromanova-hmelik-q19902875,Мария Тороманова-Хмелик,Maria Toromanova-Hmelik,actor,1876,1929,,event-birth-maria-toromanova-hmelik-q19902875,place-plovdiv-city,,source-wikipedia-maria-toromanova-hmelik,needs_editorial_signoff
person-mariana-serbezova-q6762066,Марияна Сербезова,Mariana Serbezova,rower|athlete,1959,,,event-birth-mariana-serbezova-q6762066,place-plovdiv-city,,source-wikipedia-mariana-serbezova,needs_editorial_signoff
person-martina-gledacheva-q6777030,Мартина Гледачева,Martina Gledacheva,tennis_player|athlete,1991,,,event-birth-martina-gledacheva-q6777030,place-plovdiv-city,,source-wikipedia-martina-gledacheva,needs_editorial_signoff
person-martsel-koen-q16574455,Марцел Коен,Martsel Koen,sports_shooter|athlete,1933,,,event-birth-martsel-koen-q16574455,place-plovdiv-city,,source-wikipedia-martsel-koen,needs_editorial_signoff
person-matei-pampoulov-q12286298,Матей Пампулов,Matei Pampoulov,tennis_player|athlete,1949,,,event-birth-matei-pampoulov-q12286298,place-plovdiv-city,,source-wikipedia-matei-pampoulov,needs_editorial_signoff
person-mary-m-haskell-q27881208,Мери Хаскел,Mary M. Haskell,missionary,1869,1953,,event-birth-mary-m-haskell-q27881208,place-plovdiv-city,,source-wikipedia-mary-m-haskell,needs_editorial_signoff
person-milen-dobrev-q939012,Милен Добрев,Milen Dobrev,weightlifter|athlete,1980,2015,,event-birth-milen-dobrev-q939012,place-plovdiv-city,,source-wikipedia-milen-dobrev,needs_editorial_signoff
person-milko-bobotsov-q1347292,Милко Бобоцов,Milko Bobotsov,chess_player,1931,2000,,event-birth-milko-bobotsov-q1347292,place-plovdiv-city,,source-wikipedia-milko-bobotsov,needs_editorial_signoff
person-milko-popcev-q4372927,Милко Попчев,Milko Popčev,chess_player,1964,,,event-birth-milko-popcev-q4372927,place-plovdiv-city,,source-wikipedia-milko-popcev,needs_editorial_signoff
person-milosh-danov,Милош Данов,Милош Данов,mayor,1874,,event-mayor-29-milosh-danov|event-mayor-41-milosh-danov,event-mayor-29-milosh-danov|event-mayor-41-milosh-danov,place-plovdiv-city,org-plovdiv-municipality,source-plovdiv-mayor-archive|source-wikipedia-milosh-danov,needs_editorial_signoff
person-milcho-leviev-q358753,Милчо Левиев,Milcho Leviev,pianist|composer|musician,1937,2019,,event-birth-milcho-leviev-q358753,place-plovdiv-city,,source-wikipedia-milcho-leviev|source-wikidata-milcho-leviev,needs_editorial_signoff
person-mihail-gerdzhikov-q439762,Михаил Герджиков,Mihail Gerdzhikov,revolutionary,1877,1947,,event-birth-mihail-gerdzhikov-q439762,place-plovdiv-city,,source-wikipedia-mihail-gerdzhikov,needs_editorial_signoff
person-mihail-madzharov,Михаил Маджаров,Михаил Маджаров,mayor,1854,1944,event-mayor-15-mihail-madzharov,event-mayor-15-mihail-madzharov,place-plovdiv-city,org-plovdiv-municipality,source-plovdiv-mayor-archive|source-wikipedia-mihail-madzharov,needs_editorial_signoff
person-mihail-simeonov-q6845163,Михаил Симеонов,Mihail Simeonov,sculptor|artist,1929,2021,,event-birth-mihail-simeonov-q6845163,place-plovdiv-city,,source-wikipedia-mihail-simeonov,needs_editorial_signoff
person-moni-ovadia-q741709,Мони Овадия,Moni Ovadia,actor|musician|singer|writer,1946,,,event-birth-moni-ovadia-q741709,place-plovdiv-city,,source-wikipedia-moni-ovadia,needs_editorial_signoff
person-nadezhda-kehayova-q6957607,Надежда Кехайова,Nadezhda Kehayova,journalist,1978,2018,,event-birth-nadezhda-kehayova-q6957607,place-plovdiv-city,,source-wikipedia-nadezhda-kehayova,needs_editorial_signoff
person-nayden-todorov-q1963895,Найден Тодоров,Nayden Todorov,conductor|cultural_manager,1974,,,event-birth-nayden-todorov-q1963895,place-plovdiv-city,,source-wikipedia-nayden-todorov,needs_editorial_signoff
person-nako-baev-q122904734,Нако Баев,Nako Baev,artist|visual_artist,2003,,,event-birth-nako-baev-q122904734,place-plovdiv-city,,source-wikipedia-nako-baev,needs_editorial_signoff
person-nanka-serkedzhieva-q25478652,Нанка Серкеджиева,Nanka Serkedzhieva,military_officer,1925,2012,,event-birth-nanka-serkedzhieva-q25478652,place-plovdiv-city,,source-wikipedia-nanka-serkedzhieva,needs_editorial_signoff
person-nenko-dobrev-q47456054,Ненко Добрев,Nenko Dobrev,rower|athlete,1946,,,event-birth-nenko-dobrev-q47456054,place-plovdiv-city,,source-wikipedia-nenko-dobrev|source-wikidata-nenko-dobrev,needs_editorial_signoff
person-nikola-balkandzhiev,Никола Балканджиев,Никола Балканджиев,mayor,1901,1973,event-mayor-50-nikola-balkandzhiev,event-mayor-50-nikola-balkandzhiev,place-plovdiv-city,org-plovdiv-municipality,source-plovdiv-mayor-archive|source-wikipedia-nikola-balkandzhiev,needs_editorial_signoff
person-nikola-galabov,Никола Гълъбов,Никола Гълъбов,mayor,1882,1923,event-mayor-33-nikola-glbov,event-mayor-33-nikola-glbov,place-plovdiv-city,org-plovdiv-municipality,source-plovdiv-mayor-archive|source-wikipedia-nikola-galabov,needs_editorial_signoff
person-nikola-kozarev,Никола Козарев,Никола Козарев,mayor,,,event-mayor-27-nikola-kozarev,event-mayor-27-nikola-kozarev,place-plovdiv-city,org-plovdiv-municipality,source-plovdiv-mayor-archive,needs_editorial_signoff
person-nikola-padevsky-q427768,Никола Пъдевски,Nikola Padevsky,chess_player,1933,2023,,event-birth-nikola-padevsky-q427768,place-plovdiv-city,,source-wikipedia-nikola-padevsky,needs_editorial_signoff
person-nikola-chalakov,Никола Чалъков,Никола Чалъков,mayor,1856,1923,event-mayor-14-nikola-chalkov|event-mayor-18-nikola-chalkov|event-mayor-23-nikola-chalkov,event-mayor-14-nikola-chalkov|event-mayor-18-nikola-chalkov|event-mayor-23-nikola-chalkov,place-plovdiv-city,org-plovdiv-municipality,source-plovdiv-mayor-archive|source-wikipedia-nikola-chalakov,needs_editorial_signoff
person-nikolay-barekov-q12288663,Николай Бареков,Nikolay Barekov,journalist|politician,1972,,,event-birth-nikolay-barekov-q12288663,place-plovdiv-city,,source-wikipedia-nikolay-barekov,needs_editorial_signoff
person-nikolay-bukhalov-q1385212,Николай Бухалов,Nikolay Bukhalov,canoeist|athlete,1967,,,event-birth-nikolay-bukhalov-q1385212,place-plovdiv-city,,source-wikipedia-nikolay-bukhalov,needs_editorial_signoff
person-nikolai-kolev-q47491494,Николай Колев,Nikolai Kolev,rower|athlete,1973,,,event-birth-nikolai-kolev-q47491494,place-plovdiv-city,,source-wikipedia-nikolai-kolev,needs_editorial_signoff
person-nikolay-marincheshki-q3876974,Николай Маринчешки,Nikolay Marincheshki,fencer|athlete,1957,2023,,event-birth-nikolay-marincheshki-q3876974,place-plovdiv-city,,source-wikipedia-nikolay-marincheshki,needs_editorial_signoff
person-nikolay-penchev-q1688332,Николай Пенчев,Nikolay Penchev,volleyball_player|athlete,1992,,,event-birth-nikolay-penchev-q1688332,place-plovdiv-city,,source-wikipedia-nikolay-penchev,needs_editorial_signoff
person-nikolay-somlev,Николай Сомлев,Николай Сомлев,mayor,,,event-mayor-59-nikolay-somlev,event-mayor-59-nikolay-somlev,place-plovdiv-city,org-plovdiv-municipality,source-plovdiv-mayor-archive,needs_editorial_signoff
person-nina-rangelova-q7038090,Нина Рангелова,Nina Rangelova,swimmer|athlete,1990,,,event-birth-nina-rangelova-q7038090,place-plovdiv-city,,source-wikipedia-nina-rangelova,needs_editorial_signoff
person-nina-khadzhiyankova-q3877064,Нина Хаджиянкова,Nina Khadzhiyankova,basketball_player|athlete,1963,,,event-birth-nina-khadzhiyankova-q3877064,place-plovdiv-city,,source-wikipedia-nina-khadzhiyankova,needs_editorial_signoff
person-nonka-matova-q3878246,Нонка Матова,Nonka Matova,sports_shooter|athlete,1954,,,event-birth-nonka-matova-q3878246,place-plovdiv-city,,source-wikipedia-nonka-matova,needs_editorial_signoff
person-nuran-pelikjan-q20030085,Нуран Пеликян,Nuran Pelikjan,wrestler|athlete,1967,,,event-birth-nuran-pelikjan-q20030085,place-plovdiv-city,,source-wikipedia-nuran-pelikjan,needs_editorial_signoff
person-orlin-ninov-q47491501,Орлин Нинов,Orlin Ninov,rower|athlete,1970,,,event-birth-orlin-ninov-q47491501,place-plovdiv-city,,source-wikipedia-orlin-ninov,needs_editorial_signoff
person-pavel-djidjov-q7155590,Павел Джиджов,Pavel Djidjov,clergy|priest,1919,1952,,event-birth-pavel-djidjov-q7155590,place-plovdiv-city,,source-wikipedia-pavel-djidjov,needs_editorial_signoff
person-pavel-patev-q12289650,Павел Патев,Pavel Patev,zoologist|scientist,1889,1950,,event-birth-pavel-patev-q12289650,place-plovdiv-city,,source-wikipedia-pavel-patev,needs_editorial_signoff
person-panayot-mutafchiev,Панайот Мутафчиев,Панайот Мутафчиев,mayor,,,event-mayor-34-panayot-mutafchiev,event-mayor-34-panayot-mutafchiev,place-plovdiv-city,org-plovdiv-municipality,source-plovdiv-mayor-archive,needs_editorial_signoff
person-panayot-pipkov-q2048895,Панайот Пипков,Panayot Pipkov,composer|musician,1871,1942,,event-birth-panayot-pipkov-q2048895,place-plovdiv-city,,source-wikipedia-panayot-pipkov,needs_editorial_signoff
person-pando-pandov-q3893146,Пандо Пандов,Pando Pandov,basketball_player|athlete,1946,,,event-birth-pando-pandov-q3893146,place-plovdiv-city,,source-wikipedia-pando-pandov,needs_editorial_signoff
person-peicho-peev-q3657487,Пейчо Пеев,Peicho Peev,chess_player,1940,2007,,event-birth-peicho-peev-q3657487,place-plovdiv-city,,source-wikipedia-peicho-peev,needs_editorial_signoff
person-petko-karavelov,Петко Каравелов,Петко Каравелов,mayor,1843,1903,event-mayor-05-petko-karavelov,event-mayor-05-petko-karavelov,place-plovdiv-city,org-plovdiv-municipality,source-plovdiv-mayor-archive|source-wikipedia-petko-karavelov,needs_editorial_signoff
person-petar-valchanov-q27535477,Петър Вълчанов,Petar Valchanov,film_director,1982,,,event-birth-petar-valchanov-q27535477,place-plovdiv-city,,source-wikipedia-petar-valchanov,needs_editorial_signoff
person-petar-genov-q2607838,Петър Генов,Petar Genov,chess_player,1970,,,event-birth-petar-genov-q2607838,place-plovdiv-city,,source-wikipedia-petar-genov,needs_editorial_signoff
person-petar-drenski,Петър Дренски,Петър Дренски,mayor,1876,1948,event-mayor-39-petr-drenski,event-mayor-39-petr-drenski,place-plovdiv-city,org-plovdiv-municipality,source-plovdiv-mayor-archive|source-wikipedia-petar-drenski,needs_editorial_signoff
person-petar-zapryanov-q20966432,Петър Запрянов,Petar Zapryanov,sports_shooter|athlete,1959,,,event-birth-petar-zapryanov-q20966432,place-plovdiv-city,,source-wikipedia-petar-zapryanov,needs_editorial_signoff
person-peter-lazarov-q2776677,Петър Лазаров,Peter Lazarov,printmaker|artist|illustrator,1958,,,event-birth-peter-lazarov-q2776677,place-plovdiv-city,,source-wikipedia-peter-lazarov,needs_editorial_signoff
person-petar-malchev,Петър Малчев,Петър Малчев,mayor,1885,1964,event-mayor-46-petr-malchev,event-mayor-46-petr-malchev,place-plovdiv-city,org-plovdiv-municipality,source-plovdiv-mayor-archive|source-wikipedia-petar-malchev,needs_editorial_signoff
person-petar-merkov-q3656013,Петър Мерков,Petar Merkov,canoeist|athlete,1976,,,event-birth-petar-merkov-q3656013,place-plovdiv-city,,source-wikipedia-petar-merkov,needs_editorial_signoff
person-petar-stoychev-q14946295,Петър Стойчев,Petar Stoychev,boxer|athlete,1946,,,event-birth-petar-stoychev-q14946295,place-plovdiv-city,,source-wikipedia-petar-stoychev,needs_editorial_signoff
person-petar-stoyanov-q81215,Петър Стоянов,Petar Stoyanov,politician|jurist,1952,,,event-birth-petar-stoyanov-q81215,place-plovdiv-city,,source-wikipedia-petar-stoyanov|source-wikidata-petar-stoyanov,needs_editorial_signoff
person-petar-shilev,Петър Шилев,Петър Шилев,mayor,,,event-mayor-35-petr-shilev,event-mayor-35-petr-shilev,place-plovdiv-city,org-plovdiv-municipality,source-plovdiv-mayor-archive,needs_editorial_signoff
person-petar-yanakov,Петър Янъков,Петър Янъков,mayor,,,event-mayor-37-petr-yankov,event-mayor-37-petr-yankov,place-plovdiv-city,org-plovdiv-municipality,source-plovdiv-mayor-archive,needs_editorial_signoff
person-petia-stavreva-q11815936,Петя Ставрева,Petia Stavreva,politician,1977,2024,,event-birth-petia-stavreva-q11815936,place-plovdiv-city,,source-wikipedia-petia-stavreva,needs_editorial_signoff
person-plamen-dimov-q11888350,Пламен Димов,Plamen Dimov,musician,1955,,,event-birth-plamen-dimov-q11888350,place-plovdiv-city,,source-wikipedia-plamen-dimov,needs_editorial_signoff
person-poli-karastoyanova-q24501700,Поли Карастоянова,Poli Karastoyanova,politician|economist,1969,,,event-birth-poli-karastoyanova-q24501700,place-plovdiv-city,,source-wikipedia-poli-karastoyanova,needs_editorial_signoff
person-rada-laykova-q127599333,Рада Лайкова,Rada Laykova,politician,1990,,,event-birth-rada-laykova-q127599333,place-plovdiv-city,,source-wikipedia-rada-laykova,needs_editorial_signoff
person-rosica-petkova-q7368859,Росица Петкова,Rosica Petkova,composer|musician,1947,,,event-birth-rosica-petkova-q7368859,place-plovdiv-city,,source-wikipedia-rosica-petkova,needs_editorial_signoff
person-rumen-gasharov-q3656624,Румен Гашаров,Rumen Gasharov,artist,1936,,,event-birth-rumen-gasharov-q3656624,place-plovdiv-city,,source-wikipedia-rumen-gasharov,needs_editorial_signoff
person-samuel-finzi-q106781,Самуел Финци,Samuel Finzi,actor,1966,,,event-birth-samuel-finzi-q106781,place-plovdiv-city,,source-wikipedia-samuel-finzi,needs_editorial_signoff
person-silvena-rowe-q3544793,Силвена Роу,Silvena Rowe,chef,1967,,,event-birth-silvena-rowe-q3544793,place-plovdiv-city,,source-wikipedia-silvena-rowe,needs_editorial_signoff
person-slavik-tabakov-q23762783,Славик Табаков,Slavik Tabakov,physicist|scientist,1953,,,event-birth-slavik-tabakov-q23762783,place-plovdiv-city,,source-wikipedia-slavik-tabakov,needs_editorial_signoff
person-slavcho-atanasov,Славчо Атанасов,Славчо Атанасов,mayor,1968,,event-mayor-63-slavcho-atanasov,event-mayor-63-slavcho-atanasov,place-plovdiv-city,org-plovdiv-municipality,source-plovdiv-mayor-archive|source-wikipedia-slavcho-atanasov,needs_editorial_signoff
person-solomon-passy-q1371792,Соломон Паси,Solomon Passy,politician|mathematician,1956,,,event-birth-solomon-passy-q1371792,place-plovdiv-city,,source-wikipedia-solomon-passy|source-wikidata-solomon-passy,needs_editorial_signoff
person-sonya-yoncheva-q3490781,Соня Йончева,Sonya Yoncheva,singer|musician|opera_singer,1981,,,event-birth-sonya-yoncheva-q3490781,place-plovdiv-city,,source-wikipedia-sonya-yoncheva,needs_editorial_signoff
person-sotir-tsatsarov-q12294204,Сотир Цацаров,Sotir Tsatsarov,jurist,1966,,,event-birth-sotir-tsatsarov-q12294204,place-plovdiv-city,,source-wikipedia-sotir-tsatsarov,needs_editorial_signoff
person-spas-garnevski,Спас Гърневски,Спас Гърневски,mayor,1953,,event-mayor-61-spas-grnevski,event-mayor-61-spas-grnevski,place-plovdiv-city,org-plovdiv-municipality,source-plovdiv-mayor-archive|source-wikipedia-spas-garnevski,needs_editorial_signoff
person-stancho-stanchev-q7598031,Станчо Станчев,Stancho Stanchev,film_director|theatre_director,1932,2017,,event-birth-stancho-stanchev-q7598031,place-plovdiv-city,,source-wikipedia-stancho-stanchev,needs_editorial_signoff
person-stefan-gevgalov,Стефан Гевгалов,Стефан Гевгалов,mayor,,,event-mayor-30-stefan-gevgalov,event-mayor-30-stefan-gevgalov,place-plovdiv-city,org-plovdiv-municipality,source-plovdiv-mayor-archive,needs_editorial_signoff
person-stefan-kalchev,Стефан Калчев,Стефан Калчев,mayor,,,event-mayor-10-stefan-kalchev,event-mayor-10-stefan-kalchev,place-plovdiv-city,org-plovdiv-municipality,source-plovdiv-mayor-archive,needs_editorial_signoff
person-stephane-tchalgadjieff-q3502097,Стефан Чалгаджиев,Stéphane Tchalgadjieff,producer,1942,,,event-birth-stephane-tchalgadjieff-q3502097,place-plovdiv-city,,source-wikipedia-stephane-tchalgadjieff,needs_editorial_signoff
person-stoika-milanova-q4293322,Стойка Миланова,Stoĭka Milanova,violinist|musician,1945,2024,,event-birth-stoika-milanova-q4293322,place-plovdiv-city,,source-wikipedia-stoika-milanova,needs_editorial_signoff
person-stoyu-stoev-q110928862,Стою Стоев,Stoyu Stoev,politician,1992,,,event-birth-stoyu-stoev-q110928862,place-plovdiv-city,,source-wikipedia-stoyu-stoev,needs_editorial_signoff
person-stoyan-zagorchinov-q3492916,Стоян Загорчинов,Stoyan Zagorchinov,writer,1889,1969,,event-birth-stoyan-zagorchinov-q3492916,place-plovdiv-city,,source-wikipedia-stoyan-zagorchinov,needs_editorial_signoff
person-suzanita-q42348994,Сузанита,Suzanita,singer|musician,2003,,,event-birth-suzanita-q42348994,place-plovdiv-city,,source-wikipedia-suzanita,needs_editorial_signoff
person-taner-kabilov-q126683791,Танер Кабилов,Taner Kabilov,politician,1987,,,event-birth-taner-kabilov-q126683791,place-plovdiv-city,,source-wikipedia-taner-kabilov,needs_editorial_signoff
person-tanya-stefanova-q7684048,Таня Стефанова,Tanya Stefanova,athlete,1972,,,event-birth-tanya-stefanova-q7684048,place-plovdiv-city,,source-wikipedia-tanya-stefanova,needs_editorial_signoff
person-todor-petkov,Тодор Петков,Тодор Петков,mayor,,,event-mayor-58-todor-petkov,event-mayor-58-todor-petkov,place-plovdiv-city,org-plovdiv-municipality,source-plovdiv-mayor-archive,needs_editorial_signoff
person-hariton-kuev,Харитон Куев,Харитон Куев,mayor,,,event-mayor-32-hariton-kuev,event-mayor-32-hariton-kuev,place-plovdiv-city,org-plovdiv-municipality,source-plovdiv-mayor-archive,needs_editorial_signoff
person-hafuz-ahmed-efendi,Хафуз Ахмед ефенди,Хафуз Ахмед ефенди,mayor,,,event-mayor-06-hafuz-ahmed-efendi,event-mayor-06-hafuz-ahmed-efendi,place-plovdiv-city,org-plovdiv-municipality,source-plovdiv-mayor-archive,needs_editorial_signoff
person-haf-z-ahmed-pasha-q367949,Хафъз Ахмед паша,Hafız Ahmed Pasha,politician|writer,1564,1632,,event-birth-haf-z-ahmed-pasha-q367949,place-plovdiv-city,,source-wikipedia-haf-z-ahmed-pasha,needs_editorial_signoff
person-hristo-bonev-q706715,Христо Бонев,Hristo Bonev,footballer,1947,,,event-birth-hristo-bonev-q706715,place-plovdiv-city,,source-wikipedia-hristo-bonev,needs_editorial_signoff
person-hristo-g-danov,Христо Г. Данов,Христо Г. Данов,mayor,1828,1911,event-mayor-17-hristo-g-danov,event-mayor-17-hristo-g-danov,place-plovdiv-city,org-plovdiv-municipality,source-plovdiv-mayor-archive|source-wikipedia-hristo-g-danov,needs_editorial_signoff
person-christo-grozev-q104420787,Христо Грозев,Christo Grozev,journalist,1969,,,event-birth-christo-grozev-q104420787,place-plovdiv-city,,source-wikipedia-christo-grozev,needs_editorial_signoff
person-hristo-dyukmedzhiev,Христо Дюкмеджиев,Христо Дюкмеджиев,mayor,1847,1905,event-mayor-08-hristo-dyukmedzhiev,event-mayor-08-hristo-dyukmedzhiev,place-plovdiv-city,org-plovdiv-municipality,source-plovdiv-mayor-archive|source-wikipedia-hristo-dyukmedzhiev,needs_editorial_signoff
person-hristo-koilov-q5923786,Христо Коилов,Hristo Koilov,footballer,1969,,,event-birth-hristo-koilov-q5923786,place-plovdiv-city,,source-wikipedia-hristo-koilov,needs_editorial_signoff
person-hristo-kolev-q1985420,Христо Колев,Hristo Kolev,footballer,1964,,,event-birth-hristo-kolev-q1985420,place-plovdiv-city,,source-wikipedia-hristo-kolev,needs_editorial_signoff
person-hristo-milev,Христо Милев,Христо Милев,mayor,,,event-mayor-22-hristo-milev,event-mayor-22-hristo-milev,place-plovdiv-city,org-plovdiv-municipality,source-plovdiv-mayor-archive,needs_editorial_signoff
person-hristo-mishev,Христо Мишев,Христо Мишев,mayor,,,event-mayor-56-hristo-mishev,event-mayor-56-hristo-mishev,place-plovdiv-city,org-plovdiv-municipality,source-plovdiv-mayor-archive,needs_editorial_signoff
person-hristo-pavlov,Христо Павлов,Христо Павлов,mayor,,,event-mayor-31-hristo-pavlov,event-mayor-31-hristo-pavlov,place-plovdiv-city,org-plovdiv-municipality,source-plovdiv-mayor-archive,needs_editorial_signoff
person-hristo-smolenov-q47007832,Христо Смоленов,Hristo Smolenov,scientist,1954,,,event-birth-hristo-smolenov-q47007832,place-plovdiv-city,,source-wikipedia-hristo-smolenov,needs_editorial_signoff
person-hristo-stoichkov-q187125,Христо Стоичков,Hristo Stoichkov,footballer,1966,,,event-birth-hristo-stoichkov-q187125,place-plovdiv-city,,source-wikipedia-hristo-stoichkov,needs_editorial_signoff
person-christo-christov-q5111619,Христо Христов,Christo Christov,writer|film_director|screenwriter|theatre_director,1926,2007,,event-birth-christo-christov-q5111619,place-plovdiv-city,,source-wikipedia-christo-christov,needs_editorial_signoff
person-christos-tsigiridis-q5113595,Христос Цигиридис,Christos Tsigiridis,electrical_engineer,1877,1947,,event-birth-christos-tsigiridis-q5113595,place-plovdiv-city,,source-wikipedia-christos-tsigiridis,needs_editorial_signoff
person-tsanko-lavrenov-q7849377,Цанко Лавренов,Tsanko Lavrenov,artist,1896,1978,,event-birth-tsanko-lavrenov-q7849377,place-plovdiv-city,,source-wikipedia-tsanko-lavrenov,needs_editorial_signoff
person-tzvetana-maneva-q7862005,Цветана Манева,Tzvetana Maneva,politician|actor,1944,,,event-birth-tzvetana-maneva-q7862005,place-plovdiv-city,,source-wikipedia-tzvetana-maneva,needs_editorial_signoff
person-tsvetelina-yaneva-q3171491,Цветелина Янева,Tsvetelina Yaneva,singer|musician,1989,,,event-birth-tsvetelina-yaneva-q3171491,place-plovdiv-city,,source-wikipedia-tsvetelina-yaneva,needs_editorial_signoff
person-juliya-baytsheva-q11345804,Юлия Байчева,Juliya Baytsheva,gymnast|athlete,1972,,,event-birth-juliya-baytsheva-q11345804,place-plovdiv-city,,source-wikipedia-juliya-baytsheva,needs_editorial_signoff
person-julian-radulski-q492717,Юлиян Радулски,Julian Radulski,chess_player,1972,2013,,event-birth-julian-radulski-q492717,place-plovdiv-city,,source-wikipedia-julian-radulski,needs_editorial_signoff
person-yuri-sterk-q12299588,Юрий Щерк,Yuri Sterk,diplomat,1962,,,event-birth-yuri-sterk-q12299588,place-plovdiv-city,,source-wikipedia-yuri-sterk,needs_editorial_signoff
