id,name_bg,name_en,category,era_bg,date_context_bg,date_context_en,date_precision,creator_context_bg,creator_context_en,creator_status,lat,lng,event_ids,person_ids,organization_ids,archive_item_ids,then_now_pair_ids,source_ids,editorial_status
place-nebet-tepe,Небет тепе,Nebet Tepe,thracian,Тракийска епоха – Античност,Тракийска епоха – Античност,Thracian era – Antiquity,era,не е идентифициран в текущия публичен източник,not identified in the current public source,not_identified,42.151236,24.752182,event-prehistory-nebet-tepe|event-thracian-town-bessi|event-thracian-eumolpias,,,,,source-wikipedia-nebet-tepe|source-wikidata-nebet-tepe-coordinates|source-wikimedia-commons-view-from-nebet-hill-plovdiv-bulgaria-jpg,needs_editorial_signoff
place-ancient-theatre,Античен театър,Ancient Theatre,roman,"Римски период, края на I в.","Римски период, края на I в.","Roman period, late 1st c.",era,не е идентифициран в текущия публичен източник,not identified in the current public source,not_identified,42.146838888,24.751005555,event-roman-theatre|event-roman-odeon|event-event-1999-month-of-culture-scale,,org-plovdiv-municipal-council|org-regional-history-museum-plovdiv|org-plovdiv-2019-foundation,archive-photo-ancient-theatre-uncovered-1|archive-photo-ancient-theatre-uncovered-2,then-now-ancient-theatre-uncovered-1|then-now-ancient-theatre-uncovered-2,source-wikipedia-plovdiv|source-wikidata-ancient-theatre-coordinates|source-wikimedia-commons-antique-theater-plovdiv-jpg,needs_editorial_signoff
place-ancient-stadium,Античен стадион,Ancient Stadium,roman,"Римски период, II в.","Римски период, II в.","Roman period, 2nd c.",era,не е идентифициран в текущия публичен източник,not identified in the current public source,not_identified,42.1475679,24.7480184,event-roman-stadium|event-programme-2009-waste-linked-infrastructure,,org-plovdiv-municipality|org-plovdiv-municipal-council,archive-photo-ancient-stadium-uncovered-1|archive-photo-ancient-stadium-uncovered-2,then-now-ancient-stadium-uncovered-1|then-now-ancient-stadium-uncovered-2,source-wikipedia-plovdiv|source-wikidata-ancient-stadium-coordinates|source-wikimedia-commons-stadio-romano-jpg,needs_editorial_signoff
place-dzhumaya-mosque,Джумая джамия,Dzhumaya Mosque,ottoman,"Османски период, XIV в.","Османски период, XIV в.","Ottoman period, 14th c.",era,не е идентифициран в текущия публичен източник,not identified in the current public source,not_identified,42.147858,24.748343,,,,,,source-wikipedia-dzhumaya-mosque|source-wikidata-dzhumaya-mosque-coordinates|source-wikimedia-commons-dzhumayata-jpg,needs_editorial_signoff
place-old-town,Старият град (Старинен Пловдив),The Old Town (Old Plovdiv),revival,"Възраждане, XIX в.","Възраждане, XIX в.","National Revival, 19th c.",era,не е идентифициран в текущия публичен източник,not identified in the current public source,not_identified,42.149824,24.752665,event-prehistory-settlement|event-ottoman-trade-centre|event-programme-1932-childcare-and-social-care|event-jews-1943|event-governance-1944-front-transition|event-programme-1969-old-plovdiv-restoration|event-modern-world-expo|event-programme-2012-waste-infrastructure-object-list,,org-plovdiv-municipality|org-plovdiv-municipal-council|org-regional-history-museum-plovdiv|org-international-fair-plovdiv,archive-photo-philippopolis-street-1878,then-now-philippopolis-street-1878,source-wikipedia-old-town-plovdiv|source-wikidata-the-old-town-old-plovdiv-coordinates|source-wikimedia-commons-renovated-house-in-plovdiv-old-town-jpg,needs_editorial_signoff
place-seven-hills,Седемте хълма (тепета),The Seven Hills (tepeta),hill,През всички епохи,През всички епохи,Across all eras,era,неприложимо за природен хълм/терен,not applicable for a natural hill or terrain feature,not_applicable,42.13696,24.73168,event-prehistory-settlement|event-prehistory-nebet-tepe|event-prehistory-bronze-age|event-thracian-town-bessi|event-thracian-eumolpias|event-thracian-celts|event-thracian-philip-v|event-roman-trimontium|event-event-1999-month-of-culture-scale,,org-regional-history-museum-plovdiv|org-plovdiv-2019-foundation,,,source-wikipedia-plovdiv|source-wikidata-the-seven-hills-tepeta-coordinates|source-wikimedia-commons-plovdiv-hills-jpg,needs_editorial_signoff
place-plovdiv-city,Пловдив,Plovdiv,civic,През всички епохи,През всички епохи,Across all eras,era,не е идентифициран в текущия публичен източник,not identified in the current public source,not_identified,42.142086,24.741454,event-prehistory-settlement|event-prehistory-bronze-age|event-medieval-latin-empire|event-ottoman-1364|event-ottoman-maritsa|event-ottoman-rumelia-centre|event-ottoman-trade-centre|event-birth-haf-z-ahmed-pasha-q367949|event-birth-eugenius-ii-of-constantinople-q1884172|event-birth-georgios-kleovoulos-q18912873|event-birth-ivan-evstratiev-geshov-q523393|event-birth-konstantin-stoilov-q523488|event-birth-sehbenderzade-ahmed-hilmi-q4695337|event-birth-mary-m-haskell-q27881208|event-revival-bulgarian-church|event-birth-panayot-pipkov-q2048895|event-birth-maria-toromanova-hmelik-q19902875|event-birth-christos-tsigiridis-q5113595|event-birth-mihail-gerdzhikov-q439762|event-birth-bigal-mehmet-cavus-q40091527|event-liberation-san-stefano|event-mayor-01-atanas-samokovliev|event-mayor-02-kostaki-peev|event-eastern-rumelia-1878|event-birth-enis-akaygen-q6067938|event-mayor-03-ivan-stefanov-geshov|event-birth-ali-r-za-artunkal-q6086393|event-birth-elisaveta-konsulova-vazova-q12279745|event-birth-georgi-atanasov-q5547103|event-mayor-04-d-r-sotir-antoniadi|event-mayor-05-petko-karavelov|event-birth-josaphat-chichkov-q6279177|event-mayor-06-hafuz-ahmed-efendi|event-mayor-07-kostaki-peev|event-liberation-september-1885|event-unification-1885|event-mayor-08-hristo-dyukmedzhiev|event-modern-railways|event-birth-aleksandra-monedzhikova-q28324141|event-birth-boris-grezhov-q12273675|event-birth-pavel-patev-q12289650|event-birth-stoyan-zagorchinov-q3492916|event-birth-konstantin-lukash-q4268731|event-mayor-09-dimitr-sveshtarov|event-birth-kemal-yas-nk-l-c-q19611675|event-event-1892-first-exposition|event-fair-1892|event-mayor-10-stefan-kalchev|event-mayor-11-angel-semerdzhiev|event-mayor-12-konstantin-hadzhikalchov|event-mayor-13-mancho-manev|event-birth-armand-tokatyan-q4792706|event-mayor-14-nikola-chalkov|event-mayor-15-mihail-madzharov|event-mayor-16-danail-yurukov|event-birth-apostolos-nikolaidis-q331223|event-birth-tsanko-lavrenov-q7849377|event-mayor-17-hristo-g-danov|event-finance-1897-bnb-refinance-loan|event-finance-1898-actual-revenue|event-finance-1898-planned-budget|event-finance-1899-actual-revenue|event-mayor-18-nikola-chalkov|event-mayor-19-dragan-manchov|event-mayor-20-d-r-hristo-tanchev|event-mayor-21-georgi-dzhevizov|event-mayor-22-hristo-milev|event-birth-georgi-karaslavov-q3622160|event-mayor-23-nikola-chalkov|event-birth-edward-haskell-q5343358|event-mayor-24-vlko-shopov|event-birth-boyan-petkanchin-q12273874|event-mayor-25-d-r-ivan-kesyakov|event-birth-henri-calef-q3130778|event-birth-keraca-visulceva-q3397196|event-birth-mara-maleeva-zhivkova-q11767290|event-mayor-26-georgi-dzhevizov|event-mayor-27-nikola-kozarev|event-birth-bogdan-stefanov-dobranov-q4937469|event-birth-boris-christoff-q362106|event-birth-ivan-kostov-nikolov-q6096688|event-mayor-28-deno-manev|event-birth-dimitar-sagaev-q5277445|event-programme-1916-charity-committee|event-mayor-29-milosh-danov|event-birth-pavel-djidjov-q7155590|event-mayor-30-stefan-gevgalov|event-mayor-31-hristo-pavlov|event-mayor-32-hariton-kuev|event-mayor-33-nikola-glbov|event-birth-genko-rashkov-q91343087|event-mayor-34-panayot-mutafchiev|event-mayor-35-petr-shilev|event-mayor-36-d-r-ivan-kesyakov|event-birth-angel-wagenstein-q531900|event-mayor-37-petr-yankov|event-birth-vaklush-tolev-q17409993|event-mayor-38-ivan-stanchev|event-mayor-39-petr-drenski|event-birth-nanka-serkedzhieva-q25478652|event-birth-christo-christov-q5111619|event-birth-vasil-mirchev-q1448586|event-modern-electrification|event-mayor-40-d-r-panayot-kostov|event-1928-earthquake|event-birth-isaac-passy-q2901020|event-mayor-41-milosh-danov|event-birth-mihail-simeonov-q6845163|event-mayor-42-enyu-manolov|event-birth-milko-bobotsov-q1347292|event-birth-stancho-stanchev-q7598031|event-programme-1932-school-building-gap|event-mayor-43-bozhidar-zdravkov|event-programme-1932-childcare-and-social-care|event-birth-martsel-koen-q16574455|event-birth-nikola-padevsky-q427768|event-birth-ivan-andonov-q1675895|event-birth-krikor-azaryan-q1902725|event-birth-yoan-leviev-q12282012|event-governance-1934-municipal-reform|event-birth-emanuel-zisman-q949226|event-mayor-44-georgi-todorov|event-birth-asen-kisimov-q4804159|event-birth-rumen-gasharov-q3656624|event-mayor-45-bozhidar-zdravkov|event-birth-georgi-tringov-q961715|event-birth-milcho-leviev-q358753|event-birth-dimitar-galinchev-q62629029|event-birth-george-ganchev-q12280185|event-mayor-46-petr-malchev|event-birth-peicho-peev-q3657487|event-finance-1940-regular-budget|event-programme-1940-war-budget-priorities|event-birth-dinko-dermendzhiev-q2444179|event-birth-kostadin-tilev-q62011159|event-birth-stephane-tchalgadjieff-q3502097|event-jews-1943|event-mayor-47-dimitr-kostov|event-birth-georgi-popov-q2472095|event-birth-tzvetana-maneva-q7862005|event-finance-1944-war-damage-relief|event-governance-1944-front-transition|event-modern-wwii-bombing|event-mayor-48-d-r-asen-kozhuharov|event-birth-maria-neykova-q12286011|event-birth-stoika-milanova-q4293322|event-programme-1945-postwar-public-works|event-finance-1945-university-establishment|event-mayor-49-ivan-perpeliev|event-birth-lilyana-tomova-q274862|event-birth-moni-ovadia-q741709|event-birth-nenko-dobrev-q47456054|event-birth-pando-pandov-q3893146|event-birth-petar-stoychev-q14946295|event-finance-1946-horemag-enterprise|event-birth-evdokiya-pandezova-q43783582|event-birth-hristo-bonev-q706715|event-birth-rosica-petkova-q7368859|event-programme-1947-fair-revival|event-birth-biser-boyadzhiev-q56224072|event-birth-bozhidar-pampoulov-q12273506|event-birth-matei-pampoulov-q12286298|event-mayor-50-nikola-balkandzhiev|event-birth-mariya-petkova-q258505|event-birth-kuncho-kunchev-q60685867|event-birth-boris-komitov-q21077775|event-birth-petar-stoyanov-q81215|event-birth-assia-zlatkowa-q4808843|event-birth-ivanka-vancheva-q11714525|event-birth-slavik-tabakov-q23762783|event-birth-bozhidar-milenkov-q4952838|event-birth-hristo-smolenov-q47007832|event-birth-nonka-matova-q3878246|event-birth-georgi-dermendzhiev-q12276391|event-birth-plamen-dimov-q11888350|event-birth-dimitar-radev-q25431484|event-birth-solomon-passy-q1371792|event-modern-trolleybus|event-birth-emma-tahmizian-q433159|event-birth-lyubomir-lyubenov-q3305536|event-birth-nikolay-marincheshki-q3876974|event-birth-peter-lazarov-q2776677|event-birth-emil-stoyanov-q1336888|event-birth-mariana-serbezova-q6762066|event-birth-petar-zapryanov-q20966432|event-birth-zhan-videnov-q511954|event-mayor-51-atanas-kostov|event-birth-angelina-mikhaylova-q2493179|event-birth-atanas-mladenov-q4812753|event-birth-luba-lukova-q23882767|event-birth-atanas-hranov-q27230293|event-birth-ayan-sadakov-q1986376|event-birth-iliya-zhelev-q1658519|event-birth-jeanette-spassova-q15212955|event-birth-yuri-sterk-q12299588|event-birth-blagovest-belev-q110881376|event-birth-georgi-georgiev-q2616489|event-birth-georgi-yordanov-q2628915|event-birth-nina-khadzhiyankova-q3877064|event-mayor-52-ivan-dimitrov|event-birth-aleksandar-khristov-q620406|event-birth-alexander-sekulov-q30170062|event-birth-hristo-kolev-q1985420|event-birth-konstantin-mitev-q61638808|event-birth-milko-popcev-q4372927|event-birth-lalka-berberova-q6480436|event-mayor-53-ivan-panev|event-birth-diana-paliiska-q3079920|event-birth-dimitar-kamburski-q47455173|event-birth-hristo-stoichkov-q187125|event-birth-ilian-djevelekov-q5997999|event-birth-samuel-finzi-q106781|event-birth-sotir-tsatsarov-q12294204|event-birth-vladimir-angelov-q124670137|event-birth-madelaine-bohme-q21264297|event-birth-nikolay-bukhalov-q1385212|event-birth-nuran-pelikjan-q20030085|event-birth-silvena-rowe-q3544793|event-birth-antoaneta-strumenlieva-q29054643|event-birth-dimitre-dinev-q87994|event-mayor-54-kosta-kumanov|event-birth-christo-grozev-q104420787|event-birth-dimitar-lukanov-q5277432|event-birth-hristo-koilov-q5923786|event-birth-kalofer-khristozov-q12282435|event-birth-mariya-kartalova-q16207828|event-birth-poli-karastoyanova-q24501700|event-programme-1969-old-plovdiv-restoration|event-birth-bonka-pindzheva-q4942123|event-birth-orlin-ninov-q47491501|event-birth-petar-genov-q2607838|event-programme-1970-five-year-city-plan|event-birth-albena-branzova-q2830854|event-birth-anna-angelova-q4766820|event-birth-grigor-palikarov-q50987576|event-mayor-55-diran-parikyan|event-birth-iva-prandzheva-q263942|event-birth-julian-radulski-q492717|event-birth-juliya-baytsheva-q11345804|event-birth-krasimir-dounev-q3199606|event-birth-nikolay-barekov-q12288663|event-birth-tanya-stefanova-q7684048|event-birth-nikolai-kolev-q47491494|event-birth-yordan-yovchev-q887271|event-birth-nayden-todorov-q1963895|event-birth-aneta-germanova-q2849228|event-birth-ivan-demerdzhiev-q109467177|event-birth-maria-petrova-q2629523|event-birth-georgi-ivanov-q593740|event-birth-petar-merkov-q3656013|event-birth-antoaneta-pandjerova-q12272133|event-birth-bojidara-kouzmanova-q891182|event-birth-ina-deltcheva-q4944554|event-birth-magdalina-valchanova-q3656840|event-birth-petia-stavreva-q11815936|event-birth-iliya-dzhivondov-q1658512|event-birth-nadezhda-kehayova-q6957607|event-birth-donka-angatscheva-q43900827|event-mayor-56-hristo-mishev|event-birth-dobrinka-tabakova-q4449195|event-birth-kiril-petkov-q106928258|event-birth-milen-dobrev-q939012|event-birth-alexander-pulev-q113383770|event-birth-sonya-yoncheva-q3490781|event-modern-world-expo|event-birth-delyana-dacheva-q5254970|event-birth-petar-valchanov-q27535477|event-birth-irmena-chichikova-q22957946|event-birth-vladimir-arabadzhiev-q188383|event-birth-georgi-hristov-q1399131|event-birth-ivan-stoitsov-q12281221|event-birth-miro-q2833189|event-birth-georgi-kabakov-q21063886|event-mayor-57-dimitr-bakalov|event-birth-taner-kabilov-q126683791|event-birth-marin-yonchev-q6763764|event-birth-vladimir-zombori-q28740172|event-mayor-58-todor-petkov|event-birth-tsvetelina-yaneva-q3171491|event-modern-democratic-reform|event-birth-alexandar-komanov-q4718098|event-birth-nina-rangelova-q7038090|event-birth-rada-laykova-q127599333|event-mayor-59-nikolay-somlev|event-birth-kristian-vasilev-q26254381|event-birth-martina-gledacheva-q6777030|event-mayor-60-d-r-garabed-tomasyan|event-birth-aleksandrina-naydenova-q4715613|event-birth-nikolay-penchev-q1688332|event-birth-stoyu-stoev-q110928862|event-birth-boyanka-kostova-q2922996|event-birth-dimitar-kuzmanov-q12061061|event-birth-dimitar-krastanov-q26790006|event-mayor-61-spas-grnevski|event-birth-angel-kodinov-q26218345|event-event-1999-month-of-culture|event-event-1999-month-of-culture-scale|event-mayor-62-d-r-ivan-chomakov|event-birth-diana-petkova-q100251384|event-birth-gergana-topalova-q61644154|event-birth-aleksandra-nacheva-q55569450|event-governance-2001-development-plans|event-programme-2002-hospital-waste-incinerator|event-birth-josif-miladinov-q106978619|event-birth-nako-baev-q122904734|event-birth-suzanita-q42348994|event-finance-2005-own-revenue|event-finance-2006-own-revenue|event-finance-2007-own-revenue|event-programme-2007-state-infrastructure-credits|event-mayor-63-slavcho-atanasov|event-programme-2007-2013-capital-investment|event-programme-2007-2013-eu-operational-projects|event-programme-2008-draft-budget-capital-priorities|event-finance-2009-adopted-budget|event-programme-2009-state-beautification-subsidy|event-programme-2009-waste-linked-infrastructure|event-governance-2010-property-management-programme|event-programme-2010-culture-house-reallocation|event-programme-2010-draft-budget-infrastructure-priorities|event-programme-2010-waste-infrastructure-extra-credits|event-programme-2010-gifted-children-support|event-mayor-64-inzh-ivan-totev|event-programme-2012-waste-infrastructure-final-transfer|event-event-2014-ecoc-candidacy-budget|event-event-2018-ecoc-implementation-budget|event-capital-of-culture-2019|event-event-2019-european-capital-of-culture|event-mayor-65-zdravko-dimitrov|event-mayor-68-kostadin-dimitrov,person-albena-branzova-q2830854|person-aleksandra-monedzhikova-q28324141|person-aleksandra-nacheva-q55569450|person-aleksandrina-naydenova-q4715613|person-alexandar-komanov-q4718098|person-alexander-pulev-q113383770|person-miro-q2833189|person-alexander-sekulov-q30170062|person-aleksandar-khristov-q620406|person-ali-r-za-artunkal-q6086393|person-angel-kodinov-q26218345|person-angel-semerdzhiev|person-angelina-mikhaylova-q2493179|person-aneta-germanova-q2849228|person-angel-wagenstein-q531900|person-anna-angelova-q4766820|person-henri-calef-q3130778|person-antoaneta-pandjerova-q12272133|person-antoaneta-strumenlieva-q29054643|person-apostolos-nikolaidis-q331223|person-armand-tokatyan-q4792706|person-asen-kisimov-q4804159|person-assia-zlatkowa-q4808843|person-atanas-kostov|person-atanas-mladenov-q4812753|person-atanas-samokovliev|person-atanas-hranov-q27230293|person-sehbenderzade-ahmed-hilmi-q4695337|person-ayan-sadakov-q1986376|person-bigal-mehmet-cavus-q40091527|person-biser-boyadzhiev-q56224072|person-blagovest-belev-q110881376|person-bogdan-stefanov-dobranov-q4937469|person-bozhidar-zdravkov|person-bozhidar-milenkov-q4952838|person-bozhidar-pampoulov-q12273506|person-bojidara-kouzmanova-q891182|person-bonka-pindzheva-q4942123|person-boris-grezhov-q12273675|person-boris-komitov-q21077775|person-boris-christoff-q362106|person-boyan-petkanchin-q12273874|person-boyanka-kostova-q2922996|person-vaklush-tolev-q17409993|person-vasil-mirchev-q1448586|person-vladimir-angelov-q124670137|person-vladimir-arabadzhiev-q188383|person-vladimir-zombori-q28740172|person-valko-shopov|person-genko-rashkov-q91343087|person-georgi-atanasov-q5547103|person-georgi-georgiev-q2616489|person-georgi-dermendzhiev-q12276391|person-georgi-dzhevizov|person-georgi-ivanov-q593740|person-georgi-yordanov-q2628915|person-georgi-kabakov-q21063886|person-georgi-karaslavov-q3622160|person-georgi-popov-q2472095|person-georgi-todorov|person-georgi-tringov-q961715|person-georgi-hristov-q1399131|person-georgios-kleovoulos-q18912873|person-gergana-topalova-q61644154|person-grigor-palikarov-q50987576|person-d-r-asen-kozhuharov|person-d-r-garabed-tomasyan|person-d-r-ivan-kesyakov|person-d-r-ivan-chomakov|person-d-r-panayot-kostov|person-d-r-sotir-antoniadi|person-d-r-hristo-tanchev|person-danail-yurukov|person-delyana-dacheva-q5254970|person-deno-manev|person-diana-paliiska-q3079920|person-diana-petkova-q100251384|person-dimitar-bakalov|person-dimitar-galinchev-q62629029|person-dimitre-dinev-q87994|person-dimitar-kamburski-q47455173|person-dimitar-kostov|person-dimitar-krastanov-q26790006|person-dimitar-kuzmanov-q12061061|person-dimitar-lukanov-q5277432|person-dimitar-radev-q25431484|person-dimitar-sagaev-q5277445|person-dimitar-sveshtarov|person-dinko-dermendzhiev-q2444179|person-diran-parikyan|person-dobrinka-tabakova-q4449195|person-donka-angatscheva-q43900827|person-dragan-manchov|person-eugenius-ii-of-constantinople-q1884172|person-evdokiya-pandezova-q43783582|person-edward-haskell-q5343358|person-elisaveta-konsulova-vazova-q12279745|person-emanuel-zisman-q949226|person-emil-stoyanov-q1336888|person-emma-tahmizian-q433159|person-enis-akaygen-q6067938|person-enyu-manolov|person-zhan-videnov-q511954|person-jeanette-spassova-q15212955|person-george-ganchev-q12280185|person-zdravko-dimitrov|person-iva-prandzheva-q263942|person-ivan-andonov-q1675895|person-ivan-demerdzhiev-q109467177|person-ivan-dimitrov|person-ivan-evstratiev-geshov-q523393|person-ivan-kostov-nikolov-q6096688|person-ivan-panev|person-ivan-perpeliev|person-ivan-stanchev|person-ivan-stefanov-geshov|person-ivan-stoitsov-q12281221|person-ivanka-vancheva-q11714525|person-iliya-dzhivondov-q1658512|person-iliya-zhelev-q1658519|person-ilian-djevelekov-q5997999|person-ina-deltcheva-q4944554|person-inzh-ivan-totev|person-irmena-chichikova-q22957946|person-isaac-passy-q2901020|person-yoan-leviev-q12282012|person-yordan-yovchev-q887271|person-josaphat-chichkov-q6279177|person-josif-miladinov-q106978619|person-kalofer-khristozov-q12282435|person-kemal-yas-nk-l-c-q19611675|person-keraca-visulceva-q3397196|person-kiril-petkov-q106928258|person-konstantin-lukash-q4268731|person-konstantin-mitev-q61638808|person-konstantin-stoilov-q523488|person-konstantin-hadzhikalchov|person-kosta-kumanov|person-kostadin-dimitrov|person-kostadin-tilev-q62011159|person-kostaki-peev|person-krasimir-dounev-q3199606|person-krikor-azaryan-q1902725|person-kristian-vasilev-q26254381|person-kuncho-kunchev-q60685867|person-lalka-berberova-q6480436|person-lilyana-tomova-q274862|person-luba-lukova-q23882767|person-lyubomir-lyubenov-q3305536|person-magdalina-valchanova-q3656840|person-madelaine-bohme-q21264297|person-mancho-manev|person-mara-maleeva-zhivkova-q11767290|person-marin-yonchev-q6763764|person-mariya-petkova-q258505|person-mariya-kartalova-q16207828|person-maria-neykova-q12286011|person-maria-petrova-q2629523|person-maria-toromanova-hmelik-q19902875|person-mariana-serbezova-q6762066|person-martina-gledacheva-q6777030|person-martsel-koen-q16574455|person-matei-pampoulov-q12286298|person-mary-m-haskell-q27881208|person-milen-dobrev-q939012|person-milko-bobotsov-q1347292|person-milko-popcev-q4372927|person-milosh-danov|person-milcho-leviev-q358753|person-mihail-gerdzhikov-q439762|person-mihail-madzharov|person-mihail-simeonov-q6845163|person-moni-ovadia-q741709|person-nadezhda-kehayova-q6957607|person-nayden-todorov-q1963895|person-nako-baev-q122904734|person-nanka-serkedzhieva-q25478652|person-nenko-dobrev-q47456054|person-nikola-balkandzhiev|person-nikola-galabov|person-nikola-kozarev|person-nikola-padevsky-q427768|person-nikola-chalakov|person-nikolay-barekov-q12288663|person-nikolay-bukhalov-q1385212|person-nikolai-kolev-q47491494|person-nikolay-marincheshki-q3876974|person-nikolay-penchev-q1688332|person-nikolay-somlev|person-nina-rangelova-q7038090|person-nina-khadzhiyankova-q3877064|person-nonka-matova-q3878246|person-nuran-pelikjan-q20030085|person-orlin-ninov-q47491501|person-pavel-djidjov-q7155590|person-pavel-patev-q12289650|person-panayot-mutafchiev|person-panayot-pipkov-q2048895|person-pando-pandov-q3893146|person-peicho-peev-q3657487|person-petko-karavelov|person-petar-valchanov-q27535477|person-petar-genov-q2607838|person-petar-drenski|person-petar-zapryanov-q20966432|person-peter-lazarov-q2776677|person-petar-malchev|person-petar-merkov-q3656013|person-petar-stoychev-q14946295|person-petar-stoyanov-q81215|person-petar-shilev|person-petar-yanakov|person-petia-stavreva-q11815936|person-plamen-dimov-q11888350|person-poli-karastoyanova-q24501700|person-rada-laykova-q127599333|person-rosica-petkova-q7368859|person-rumen-gasharov-q3656624|person-samuel-finzi-q106781|person-silvena-rowe-q3544793|person-slavik-tabakov-q23762783|person-slavcho-atanasov|person-solomon-passy-q1371792|person-sonya-yoncheva-q3490781|person-sotir-tsatsarov-q12294204|person-spas-garnevski|person-stancho-stanchev-q7598031|person-stefan-gevgalov|person-stefan-kalchev|person-stephane-tchalgadjieff-q3502097|person-stoika-milanova-q4293322|person-stoyu-stoev-q110928862|person-stoyan-zagorchinov-q3492916|person-suzanita-q42348994|person-taner-kabilov-q126683791|person-tanya-stefanova-q7684048|person-todor-petkov|person-hariton-kuev|person-hafuz-ahmed-efendi|person-haf-z-ahmed-pasha-q367949|person-hristo-bonev-q706715|person-hristo-g-danov|person-christo-grozev-q104420787|person-hristo-dyukmedzhiev|person-hristo-koilov-q5923786|person-hristo-kolev-q1985420|person-hristo-milev|person-hristo-mishev|person-hristo-pavlov|person-hristo-smolenov-q47007832|person-hristo-stoichkov-q187125|person-christo-christov-q5111619|person-christos-tsigiridis-q5113595|person-tsanko-lavrenov-q7849377|person-tzvetana-maneva-q7862005|person-tsvetelina-yaneva-q3171491|person-juliya-baytsheva-q11345804|person-julian-radulski-q492717|person-yuri-sterk-q12299588,org-plovdiv-municipality|org-plovdiv-municipal-council|org-regional-history-museum-plovdiv|org-international-fair-plovdiv|org-plovdiv-2019-foundation,archive-map-plovdiv-stanimaka-railway-1928|archive-photo-plovdiv-karastoyanov-c1908,then-now-plovdiv-karastoyanov-c1908,source-wikipedia-plovdiv|source-wikidata-plovdiv-q459|source-wikimedia-commons-plovdiv-view-jpg,needs_editorial_signoff
place-forum-philippopolis,Форум на Филипопол,Forum of Philippopolis,roman,Римски период,Римски период,Roman period,era,не е идентифициран в текущия публичен източник,not identified in the current public source,not_identified,42.142111111,24.750944444,event-roman-forum,,org-regional-history-museum-plovdiv,,,source-wikipedia-roman-forum-of-philippopolis|source-wikidata-forum-of-philippopolis-q26180562|source-wikimedia-commons-file-bulgaria-0813-roman-odeon-7432946560-jpg,needs_editorial_signoff
place-hisar-kapia,Хисар капия,Hisar Kapia,medieval,Античност – Средновековие,Античност – Средновековие,Antiquity – Middle Ages,era,не е идентифициран в текущия публичен източник,not identified in the current public source,not_identified,42.14992,24.75338,,,,,,source-wikipedia-hisar-kapia|source-wikidata-hisar-kapia-q12298081|source-wikimedia-commons-file-pli-hisarkapija001-jpg,needs_editorial_signoff
place-st-louis-cathedral,Катедрала „Свети Лудвиг“,Cathedral of St Louis,revival,XIX в.,XIX в.,19th c.,era,не е идентифициран в текущия публичен източник,not identified in the current public source,not_identified,42.14444444,24.7525,,,,,,source-wikipedia-cathedral-of-st-louis-plovdiv|source-wikidata-cathedral-of-st-louis-q2942391|source-wikimedia-commons-file-plovdiv-saint-louis-cathedral-2024-02-jpg,needs_editorial_signoff
place-holy-mother-of-god,Църква „Успение Богородично“,Church of the Holy Mother of God,revival,"Възраждане, XIX в.","Възраждане, XIX в.","National Revival, 19th c.",era,не е идентифициран в текущия публичен източник,not identified in the current public source,not_identified,42.14781111,24.75064167,,,,,,source-wikipedia-church-of-the-holy-mother-of-god-plovdiv|source-wikidata-church-of-the-holy-mother-of-god-q966311|source-wikimedia-commons-file-st-bogoroditza-plovdiv-jpg,needs_editorial_signoff
place-st-george-armenian-church,Арменска църква „Свети Георги“,Saint George Armenian Church,revival,Възраждане – нова история,Възраждане – нова история,National Revival – modern era,era,не е идентифициран в текущия публичен източник,not identified in the current public source,not_identified,42.15074,24.751596,,,,,,source-wikidata-saint-george-church-q55399583|source-wikimedia-commons-file-st-george-armenian-church-jpg,needs_editorial_signoff
place-lamartine-house,Ламартинова къща,Lamartine House,revival,"Възраждане, XIX в.","Възраждане, XIX в.","National Revival, 19th c.",era,не е идентифициран в текущия публичен източник,not identified in the current public source,not_identified,42.147322,24.752566,,,,archive-photo-lamartine-house-restoration-1972,then-now-lamartine-house-restoration-1972,source-wikidata-lamartine-house-q12284656|source-wikimedia-commons-file-old-town3-jpg,needs_editorial_signoff
place-stoyan-chomakov-house,Къща на Стоян Чомаков,Stoyan Chomakov House,revival,"Възраждане, XIX в.","Възраждане, XIX в.","National Revival, 19th c.",era,не е идентифициран в текущия публичен източник,not identified in the current public source,not_identified,42.14972,24.75278,,,,,,source-wikidata-stoyan-chomakov-house-q38654916|source-wikimedia-commons-file-portra-artgallery001-jpg,needs_editorial_signoff
place-hadzhi-dragan-kaloferetsa-house,Къща на хаджи Драган Калофереца,Hadzhi Dragan Kaloferetsa House,revival,"Възраждане, XIX в.","Възраждане, XIX в.","National Revival, 19th c.",era,не е идентифициран в текущия публичен източник,not identified in the current public source,not_identified,42.148611111,24.754166666,,,,,,source-wikidata-hadzhi-dragan-kaloferetsa-house-q108602080|source-wikimedia-commons-hadzhidragankaloferetsahouse-plovdiv001-jpg,needs_editorial_signoff
place-mevlevi-hane,Мевлеви хане,Mevlevi Hane,ottoman,Османски период,Османски период,Ottoman period,era,не е идентифициран в текущия публичен източник,not identified in the current public source,not_identified,42.148373,24.75281,,,,,,source-wikidata-dervish-monastery-plovdiv-q37813757|source-wikimedia-commons-file-portra-mevlevihane004-jpg,needs_editorial_signoff
place-chalakova-house,Чалъкова къща,Chalakov House,revival,"Възраждане, XIX в.","Възраждане, XIX в.","National Revival, 19th c.",era,не е идентифициран в текущия публичен източник,not identified in the current public source,not_identified,42.147472222,24.749944444,,,,,,source-wikidata-chalakov-house-q37814053|source-wikimedia-commons-file-pli-chalakovakashta002-jpg,needs_editorial_signoff
place-chifte-hamam,Чифте хамам,Chifte Hamam,ottoman,Османски период,Османски период,Ottoman period,era,не е идентифициран в текущия публичен източник,not identified in the current public source,not_identified,42.152014,24.749799,,,,,,source-wikidata-chifte-hamam-q60169037|source-wikimedia-commons-file-turkish-ancient-baths-plovdiv-jpg,needs_editorial_signoff
place-geo-milev-school,Основно училище „Гео Милев“,Geo Milev Primary School,civic,Нова история,Нова история,Modern era,era,не е идентифициран в текущия публичен източник,not identified in the current public source,not_identified,42.146641,24.75377,,,,archive-postcard-greek-high-school,then-now-greek-high-school,source-wikidata-primary-school-geo-milev-q58071657|source-wikimedia-commons-geo-milev-school-plovdiv-1-jpg,needs_editorial_signoff
place-agricultural-university-plovdiv-q30257336,Аграрен университет,Agricultural University Plovdiv,civic,"Модерен период, 1945 г.",1945 г.,1945,date,не е идентифициран в текущия публичен източник,not identified in the current public source,not_identified,42.134302,24.767314,,,,,,source-wikipedia-agricultural-university-plovdiv|source-wikidata-agricultural-university-plovdiv-coordinates|source-wikimedia-commons-agricultural-university-plovdiv-jpg,needs_editorial_signoff
place-alyosha-monument-q4063802,Паметник на Съветската армия в Пловдив,Alyosha Monument,monument,Модерен период,Модерен период,Modern period,era,не е идентифициран в текущия публичен източник,not identified in the current public source,not_identified,42.143611111,24.7375,,,,,,source-wikipedia-alyosha-monument|source-wikidata-alyosha-monument-coordinates|source-wikimedia-commons-alyoshapoldivmonument-jpg,needs_editorial_signoff
place-bishop-s-basilica-of-philippopolis-q20500169,Епископска базилика на Филипопол,Bishop's Basilica of Philippopolis,roman,"Късна античност, 401 г.",401 г.,401,date,не е идентифициран в текущия публичен източник,not identified in the current public source,not_identified,42.144118,24.752732,,,,,,source-wikipedia-bishop-s-basilica-of-philippopolis|source-wikidata-bishop-s-basilica-of-philippopolis-coordinates|source-wikimedia-commons-bazilika-golyama2-jpg,needs_editorial_signoff
place-botev-1912-football-complex-q30644373,"Футболен комплекс ""БОТЕВ 1912""",Botev 1912 Football Complex,civic,"Модерен период, 2013 г.",18.9.2013 г.,2013-09-18,date,не е идентифициран в текущия публичен източник,not identified in the current public source,not_identified,42.1075,24.708,,,,,,source-wikipedia-botev-1912-football-complex|source-wikidata-botev-1912-football-complex-coordinates|source-wikimedia-commons-botev-plovdiv-stadium-jpg,needs_editorial_signoff
place-church-of-st-constantine-and-helena-q5117391,Свети Константин и Елена,Church of St Constantine and Helena,religious,"Възраждане, 1832 г.",1832 г.,1832,date,архитект: Петко Боз,architect: Петко Боз,named,42.149696,24.752876,,,,,,source-wikipedia-church-of-st-constantine-and-helena|source-wikidata-church-of-st-constantine-and-helena-coordinates|source-wikimedia-commons-sv-sv-konstantin-i-elena-plovdiv-jpg,needs_editorial_signoff
place-dzhendem-tepe-q5319673,Джендем тепе,Dzhendem tepe,hill,Географски хълм / исторически топос,Географски хълм / исторически топос,Geographic hill / historic topos,era,неприложимо за природен хълм/терен,not applicable for a natural hill or terrain feature,not_applicable,42.13694444,24.73166667,,,,,,source-wikipedia-dzhendem-tepe|source-wikidata-dzhendem-tepe-coordinates|source-wikimedia-commons-dzhendem-jpg,needs_editorial_signoff
place-eastern-gate-of-philippopolis-q20500154,Източна порта на Филипопол,Eastern gate of Philippopolis,roman,Античност,Античност,Antiquity,era,не е идентифициран в текущия публичен източник,not identified in the current public source,not_identified,42.148811,24.755862,,,,,,source-wikipedia-eastern-gate-of-philippopolis|source-wikidata-eastern-gate-of-philippopolis-coordinates|source-wikimedia-commons-east-gate38-jpg,needs_editorial_signoff
place-eirene-residence-q26898191,Антична жилищна сграда Ейрене (Пловдив),Eirene Residence,roman,Античност,Античност,Antiquity,era,не е идентифициран в текущия публичен източник,not identified in the current public source,not_identified,42.1452,24.7517,,,,,,source-wikipedia-eirene-residence|source-wikidata-eirene-residence-coordinates|source-wikimedia-commons-eirene-mosaics-3-jpg,needs_editorial_signoff
place-hristo-botev-stadium-q849662,Христо Ботев,Hristo Botev Stadium,civic,"Модерен период, 1961 г.",14.5.1961 г.,1961-05-14,date,не е идентифициран в текущия публичен източник,not identified in the current public source,not_identified,42.139861,24.764444,,,,,,source-wikipedia-hristo-botev-stadium|source-wikidata-hristo-botev-stadium-coordinates|source-wikimedia-commons-hristo-botev-stadium-plovdiv-tb-jpg,needs_editorial_signoff
place-humanitarian-high-school-saints-cyril-and-methodius-plovdiv-q12290859,"Хуманитарна гимназия ""Св. Св. Кирил и Методий"" Пловдив","Humanitarian High School ""Saints Cyril and Methodius"" Plovdiv",civic,Модерен период,Модерен период,Modern period,era,не е идентифициран в текущия публичен източник,not identified in the current public source,not_identified,42.152777777,24.747777777,,,,,,source-wikipedia-humanitarian-high-school-saints-cyril-and-methodius-plovdiv|source-wikidata-humanitarian-high-school-saints-cyril-and-methodius-plovdiv-coordinates|source-wikimedia-commons-basa-1735k-1-345-1-post-card-from-plovdiv-1900-jpg,needs_editorial_signoff
place-international-fair-plovdiv-q1667383,Международен панаир Пловдив,International Fair Plovdiv,civic,Модерен период,Модерен период,Modern period,era,не е идентифициран в текущия публичен източник,not identified in the current public source,not_identified,42.15809088,24.75700378,,,,archive-photo-opening-1939-plovdiv-fair|archive-photo-international-fair-1892-1|archive-photo-international-fair-1892-10,then-now-opening-1939-plovdiv-fair|then-now-international-fair-1892-1|then-now-international-fair-1892-10,source-wikipedia-international-fair-plovdiv|source-wikidata-international-fair-plovdiv-coordinates|source-wikimedia-commons-internationa-fair-plovdiv-front-jpg,needs_editorial_signoff
place-ivan-vazov-national-library-q630839,Народна библиотека „Иван Вазов“,Ivan Vazov National Library,civic,"Модерен период, 1879 г.",1879 г.,1879,date,не е идентифициран в текущия публичен източник,not identified in the current public source,not_identified,42.139444,24.746111,,,,archive-photo-ivan-vazov-library-earthquake-1928,then-now-ivan-vazov-library-earthquake-1928,source-wikipedia-ivan-vazov-national-library|source-wikidata-ivan-vazov-national-library-coordinates|source-wikimedia-commons-ivan-vazov-national-library-jpg,needs_editorial_signoff
place-kamenitza-q12282497,Каменица АД,Kamenitza,civic,"Модерен период, 1881 г.",1881 г.,1881,date,не е идентифициран в текущия публичен източник,not identified in the current public source,not_identified,42.143193055,24.7618,,,,,,source-wikipedia-kamenitza|source-wikidata-kamenitza-coordinates|source-wikimedia-commons-kamenitza-beer-2-jpg,needs_editorial_signoff
place-library-of-philippopolis-q26260744,Антична библиотека,Library of Philippopolis,roman,Античност,Античност,Antiquity,era,не е идентифициран в текущия публичен източник,not identified in the current public source,not_identified,42.143430555,24.750205555,,,,,,source-wikipedia-library-of-philippopolis|source-wikidata-library-of-philippopolis-coordinates|source-wikimedia-commons-plovdiv-library-2-jpg,needs_editorial_signoff
place-lokomotiv-stadium-q3623331,Локомотив,Lokomotiv Stadium,civic,"Модерен период, 1982 г.",6.9.1982 г.,1982-09-06,date,не е идентифициран в текущия публичен източник,not identified in the current public source,not_identified,42.133889,24.771667,,,,,,source-wikipedia-lokomotiv-stadium|source-wikidata-lokomotiv-stadium-coordinates|source-wikimedia-commons-dsc01891a-jpg,needs_editorial_signoff
place-maritsa-hotel-q6765912,Марица,Maritsa Hotel,civic,"Модерен период, 1968 г.",1968 г.,1968,date,не е идентифициран в текущия публичен източник,not identified in the current public source,not_identified,42.15611111,24.74861111,,,,,,source-wikipedia-maritsa-hotel|source-wikidata-maritsa-hotel-coordinates|source-wikimedia-commons-maritza-hotel-in-plovdiv-jpg,needs_editorial_signoff
place-markovo-tepe-q6771348,Марково тепе,Markovo tepe,hill,Географски хълм / исторически топос,Географски хълм / исторически топос,Geographic hill / historic topos,era,неприложимо за природен хълм/терен,not applicable for a natural hill or terrain feature,not_applicable,42.14138889,24.74083333,,,,,,source-wikipedia-markovo-tepe|source-wikidata-markovo-tepe-coordinates|source-wikimedia-commons-bulgaria-fortepan-8381-jpg,needs_editorial_signoff
place-northern-district-q7059194,Северен (район на Пловдив),Northern district,civic,Модерен период,Модерен период,Modern period,era,не е идентифициран в текущия публичен източник,not identified in the current public source,not_identified,42.16416667,24.74472222,,,,,,source-wikipedia-northern-district|source-wikidata-northern-district-coordinates|source-wikimedia-commons-district-north-in-plovdiv-jpg,needs_editorial_signoff
place-novotel-plovdiv-q7065087,Новотел „Пловдив“,Novotel Plovdiv,civic,Модерен период,Модерен период,Modern period,era,не е идентифициран в текущия публичен източник,not identified in the current public source,not_identified,42.15555556,24.74555556,,,,,,source-wikipedia-novotel-plovdiv|source-wikidata-novotel-plovdiv-coordinates|source-wikimedia-commons-novotel-plovdiv-1-jpg,needs_editorial_signoff
place-odeon-of-philippopolis-q26046109,Античен одеон (Пловдив),Odeon of Philippopolis,roman,Античност,Античност,Antiquity,era,не е идентифициран в текущия публичен източник,not identified in the current public source,not_identified,42.143605555,24.750397222,,,,,,source-wikipedia-odeon-of-philippopolis|source-wikidata-odeon-of-philippopolis-coordinates|source-wikimedia-commons-bulgaria-bulgaria-0812-roman-odeon-7432938030-jpg,needs_editorial_signoff
place-philippopolis-q27047924,Филипопол,Philippopolis,roman,Античност,Античност,Antiquity,era,не е идентифициран в текущия публичен източник,not identified in the current public source,not_identified,42.143739,24.749842,,,,,,source-wikipedia-philippopolis|source-wikidata-philippopolis-coordinates|source-wikimedia-commons-philippopolis-urban-plan-jpg,needs_editorial_signoff
place-plovdiv-central-railway-station-q7205164,Централна гара Пловдив,Plovdiv Central railway station,civic,Модерен период,Модерен период,Modern period,era,архитект: Мариано Пернигони,architect: Mariano Pernigoni,named,42.134363,24.741403,,,,archive-photo-plovdiv-station-around-1880|archive-postcard-bahnhof-von-plowdiw,then-now-plovdiv-station-around-1880|then-now-bahnhof-von-plowdiw,source-wikipedia-plovdiv-central-railway-station|source-wikidata-plovdiv-central-railway-station-coordinates|source-wikimedia-commons-plovdiv-central-railway-station-platform-side-2007-jpg,needs_editorial_signoff
place-plovdiv-medical-university-q3557727,Медицински университет (Пловдив),Plovdiv Medical University,civic,"Модерен период, 1945 г.",1945 г.,1945,date,не е идентифициран в текущия публичен източник,not identified in the current public source,not_identified,42.137981,24.735179,,,,,,source-wikipedia-plovdiv-medical-university|source-wikidata-plovdiv-medical-university-coordinates|source-wikimedia-commons-plovdiv-medical-unoversity-jpg,needs_editorial_signoff
place-plovdiv-regional-ethnographic-museum-q876619,Регионален етнографски музей,Plovdiv Regional Ethnographic Museum,civic,"Модерен период, 1917 г.",1917 г.,1917,date,не е идентифициран в текущия публичен източник,not identified in the current public source,not_identified,42.15,24.75305556,,,,,,source-wikipedia-plovdiv-regional-ethnographic-museum|source-wikidata-plovdiv-regional-ethnographic-museum-coordinates|source-wikimedia-commons-regional-ethnographic-museum-plovdiv-jpg,needs_editorial_signoff
place-plovdiv-regional-history-museum-q1501330,"Регионален исторически музей, Пловдив",Plovdiv Regional History Museum,civic,"Модерен период, 1951 г.",1951 г.,1951,date,не е идентифициран в текущия публичен източник,not identified in the current public source,not_identified,42.149798,24.753361,,,,,,source-wikipedia-plovdiv-regional-history-museum|source-wikidata-plovdiv-regional-history-museum-coordinates|source-wikimedia-commons-plovdiv-regional-history-museum-jpg,needs_editorial_signoff
place-plovdiv-synagogue-q7205169,Пловдивска синагога,Plovdiv Synagogue,religious,"Модерен период, 1887 г.",1887 г.,1887,date,не е идентифициран в текущия публичен източник,not identified in the current public source,not_identified,42.15055556,24.74083333,,,,,,source-wikipedia-plovdiv-synagogue|source-wikidata-plovdiv-synagogue-coordinates|source-wikimedia-commons-synagogue-in-plovdiv-d-jpg,needs_editorial_signoff
place-plovdiv-university-q7205171,Пловдивски университет,Plovdiv University,civic,"Модерен период, 1961 г.",15.9.1961 г.,1961-09-15,date,не е идентифициран в текущия публичен източник,not identified in the current public source,not_identified,42.138055555,24.750833333,,,,,,source-wikipedia-plovdiv-university|source-wikidata-plovdiv-university-coordinates|source-wikimedia-commons-plovdiv-university-plovdiv-bulgaria-jpg,needs_editorial_signoff
place-small-basilica-q16744679,Малка базилика,Small Basilica,roman,"Античност, 401 г.",401 г.,401,date,не е идентифициран в текущия публичен източник,not identified in the current public source,not_identified,42.146448,24.757944,,,,,,source-wikipedia-small-basilica|source-wikidata-small-basilica-coordinates|source-wikimedia-commons-small-basilica-jpg,needs_editorial_signoff
place-southern-district-q7570666,Южен (район на Пловдив),Southern district,civic,Модерен период,Модерен период,Modern period,era,не е идентифициран в текущия публичен източник,not identified in the current public source,not_identified,42.12277778,24.74138889,,,,,,source-wikipedia-southern-district|source-wikidata-southern-district-coordinates|source-wikimedia-commons-olovnata-jpg,needs_editorial_signoff
place-synagogue-of-philippopolis-q20499146,Антична синагога,Synagogue of Philippopolis,roman,Античност,Античност,Antiquity,era,не е идентифициран в текущия публичен източник,not identified in the current public source,not_identified,42.1453,24.7553,,,,,,source-wikipedia-synagogue-of-philippopolis|source-wikidata-synagogue-of-philippopolis-coordinates|source-wikimedia-commons-synagogue-png,needs_editorial_signoff
place-tashkyopryu-mosque-q26258392,Таш кюпрю джамия,Tashkyopryu Mosque,ottoman,"Османски период, 1860 г.",1860 г.,1860,date,не е идентифициран в текущия публичен източник,not identified in the current public source,not_identified,42.14969,24.741684,,,,,,source-wikipedia-tashkyopryu-mosque|source-wikidata-tashkyopryu-mosque-coordinates|source-wikimedia-commons-plovdiv-banya-jpg,needs_editorial_signoff
place-trakiya-district-q3557743,Тракия,Trakiya district,civic,Модерен период,Модерен период,Modern period,era,не е идентифициран в текущия публичен източник,not identified in the current public source,not_identified,42.1336,24.7858,,,,,,source-wikipedia-trakiya-district|source-wikidata-trakiya-district-coordinates|source-wikimedia-commons-pametnik-kan-krum-panoramio-jpg,needs_editorial_signoff
place-central-district-q5062096,Централен,Central district,civic,Модерен период,Модерен период,Modern period,era,не е идентифициран в текущия публичен източник,not identified in the current public source,not_identified,42.14444444,24.74694444,,,,,,source-wikipedia-central-district|source-wikidata-central-district-coordinates|source-wikimedia-commons-plovdiv-main-street-imagesfrombulgaria-jpg,needs_editorial_signoff
place-eastern-district-q12281496,Източен,Eastern district,civic,Модерен период,Модерен период,Modern period,era,не е идентифициран в текущия публичен източник,not identified in the current public source,not_identified,42.155,24.78833333,,,,,,source-wikipedia-eastern-district|source-wikidata-eastern-district-coordinates|source-wikimedia-commons-view-to-district-east-in-plovdiv-1-jpg,needs_editorial_signoff
place-western-district-q7988480,Западен (район на Пловдив),Western district,civic,Модерен период,Модерен период,Modern period,era,не е идентифициран в текущия публичен източник,not identified in the current public source,not_identified,42.1319,24.7125,,,,,,source-wikipedia-western-district|source-wikidata-western-district-coordinates|source-wikimedia-commons-view-to-district-west-in-plovdiv-1-jpg,needs_editorial_signoff
place-ritora-house-plovdiv-q113564786,"Ritora house, Plovdiv","Ritora house, Plovdiv",revival,Възраждане,Възраждане,Bulgarian Revival,era,не е идентифициран в текущия публичен източник,not identified in the current public source,not_identified,42.14722,24.75194,,,,,,source-wikidata-ritora-house-plovdiv|source-wikimedia-commons-kashtanaritora-plovdiv03-jpg,needs_editorial_signoff
place-andrey-georgiadi-house-plovdiv-q117749141,"Andrey Georgiadi house, Plovdiv","Andrey Georgiadi house, Plovdiv",revival,Възраждане,Възраждане,Bulgarian Revival,era,не е идентифициран в текущия публичен източник,not identified in the current public source,not_identified,42.1475,24.75,,,,,,source-wikidata-andrey-georgiadi-house-plovdiv|source-wikimedia-commons-andreygeorgiadi-house-plovdiv006-jpg,needs_editorial_signoff
place-house-of-staynov-in-plovdiv-q66309879,Стайнова къща,House of Staynov in Plovdiv,revival,Възраждане,Възраждане,Bulgarian Revival,era,не е идентифициран в текущия публичен източник,not identified in the current public source,not_identified,42.147484,24.749664,,,,,,source-wikidata-house-of-staynov-in-plovdiv|source-wikimedia-commons-house-of-staynov-in-plovdiv-jpg,needs_editorial_signoff
place-klianti-house-q50073497,Къща Клианти,Klianti House,revival,Възраждане,Възраждане,Bulgarian Revival,era,не е идентифициран в текущия публичен източник,not identified in the current public source,not_identified,42.147521,24.752346,,,,,,source-wikidata-klianti-house|source-wikimedia-commons-klianti-jpg,needs_editorial_signoff
place-house-of-hristo-g-danov-q29961385,Дановата къща,House of Hristo G. Danov,revival,Възраждане,Възраждане,Bulgarian Revival,era,не е идентифициран в текущия публичен източник,not identified in the current public source,not_identified,42.1475,24.74944444,,,,,,source-wikidata-house-of-hristo-g-danov|source-wikimedia-commons-house-of-hristo-g-danov-jpg,needs_editorial_signoff
place-konstantin-stoilov-house-q113646190,Konstantin Stoilov house,Konstantin Stoilov house,revival,Възраждане,Възраждане,Bulgarian Revival,era,не е идентифициран в текущия публичен източник,not identified in the current public source,not_identified,42.14806,24.74944,,,,,,source-wikidata-konstantin-stoilov-house|source-wikimedia-commons-plovdiv-konstantin-stoilov-house-jpg,needs_editorial_signoff
place-dr-rashko-petrov-house-plovdiv-q117534330,"Dr Rashko Petrov House, Plovdiv","Dr Rashko Petrov House, Plovdiv",revival,Възраждане,Възраждане,Bulgarian Revival,era,не е идентифициран в текущия публичен източник,not identified in the current public source,not_identified,42.14806,24.74944,,,,,,source-wikidata-dr-rashko-petrov-house-plovdiv|source-wikimedia-commons-drrashopetrovhouse002-jpg,needs_editorial_signoff
place-birdas-house-plovdiv-q117750038,"Birdas house, Plovdiv","Birdas house, Plovdiv",revival,Възраждане,Възраждане,Bulgarian Revival,era,не е идентифициран в текущия публичен източник,not identified in the current public source,not_identified,42.14861,24.75167,,,,,,source-wikidata-birdas-house-plovdiv|source-wikimedia-commons-birdas-house-plovdiv005-jpg,needs_editorial_signoff
place-house-with-the-heads-plovdiv-q113646361,"House with the heads, Plovdiv","House with the heads, Plovdiv",revival,Възраждане,Възраждане,Bulgarian Revival,era,не е идентифициран в текущия публичен източник,not identified in the current public source,not_identified,42.146611,24.748694,,,,,,source-wikidata-house-with-the-heads-plovdiv|source-wikimedia-commons-housewiththeheads-plovdiv03-jpg,needs_editorial_signoff
place-house-of-kostadin-kaftandzhiyata-q29961233,Къща на Костадин Кафтанджията,House of Kostadin Kaftandzhiyata,revival,Възраждане,Възраждане,Bulgarian Revival,era,не е идентифициран в текущия публичен източник,not identified in the current public source,not_identified,42.14861111,24.75222222,,,,,,source-wikidata-house-of-kostadin-kaftandzhiyata|source-wikimedia-commons-georgibojilovhouse2-jpg,needs_editorial_signoff
place-house-of-philibos-nishanyan-q29961255,Къща на Филибос Нишанян,House of Philibos Nishanyan,revival,Възраждане,Възраждане,Bulgarian Revival,era,не е идентифициран в текущия публичен източник,not identified in the current public source,not_identified,42.14889,24.75139,,,,,,source-wikidata-house-of-philibos-nishanyan|source-wikimedia-commons-filibosnishanyan-house-plovdiv006-jpg,needs_editorial_signoff
place-slaveykov-house-plovdiv-q117750380,"Slaveykov house, Plovdiv","Slaveykov house, Plovdiv",revival,Възраждане,Възраждане,Bulgarian Revival,era,не е идентифициран в текущия публичен източник,not identified in the current public source,not_identified,42.14667,24.75389,,,,,,source-wikidata-slaveykov-house-plovdiv|source-wikimedia-commons-slaveykov-house-plovdiv001-jpg,needs_editorial_signoff
place-veren-stambolyan-house-plovdiv-q105552912,Къща на Верен Стамболян,"Veren Stambolyan House, Plovdiv",revival,Възраждане,Възраждане,Bulgarian Revival,era,не е идентифициран в текущия публичен източник,not identified in the current public source,not_identified,42.14861111,24.75333333,,,,,,source-wikidata-veren-stambolyan-house-plovdiv|source-wikimedia-commons-plovdiv-2020-08-kashtanaverenstambolyan04-jpg,needs_editorial_signoff
place-nevena-atanasova-house-plovdiv-q117818220,"Nevena Atanasova house, Plovdiv","Nevena Atanasova house, Plovdiv",revival,Възраждане,Възраждане,Bulgarian Revival,era,не е идентифициран в текущия публичен източник,not identified in the current public source,not_identified,42.14917,24.7525,,,,,,source-wikidata-nevena-atanasova-house-plovdiv|source-wikimedia-commons-nevenaatanasovahouse-plovdiv002-jpg,needs_editorial_signoff
place-ivan-furnadzhiev-house-plovdiv-q118500439,"Ivan Furnadzhiev house, Plovdiv","Ivan Furnadzhiev house, Plovdiv",revival,Възраждане,Възраждане,Bulgarian Revival,era,не е идентифициран в текущия публичен източник,not identified in the current public source,not_identified,42.14944,24.75111,,,,,,source-wikidata-ivan-furnadzhiev-house-plovdiv|source-wikimedia-commons-ivanfurnadzhievhouse-plovdiv012-jpg,needs_editorial_signoff
place-nediyalko-nemski-house-plovdiv-q118499676,"Nediyalko Nemski house, Plovdiv","Nediyalko Nemski house, Plovdiv",revival,Възраждане,Възраждане,Bulgarian Revival,era,не е идентифициран в текущия публичен източник,not identified in the current public source,not_identified,42.14833,24.75389,,,,,,source-wikidata-nediyalko-nemski-house-plovdiv|source-wikimedia-commons-nediyalko-nemski-house-plovdiv002-jpg,needs_editorial_signoff
place-georgi-danchov-zografina-house-plovdiv-q105581474,"Georgi Danchov-Zografina House, Plovdiv","Georgi Danchov-Zografina House, Plovdiv",revival,Възраждане,Възраждане,Bulgarian Revival,era,не е идентифициран в текущия публичен източник,not identified in the current public source,not_identified,42.14888889,24.75333333,,,,,,source-wikidata-georgi-danchov-zografina-house-plovdiv|source-wikimedia-commons-plovdiv-2020-08-georgidanchovzografinahouse05-jpg,needs_editorial_signoff
place-hadzhi-vlasaki-chohadzhiyata-house-plovdiv-q105564415,"Hadzhi Vlasaki Chohadzhiyata House, Plovdiv","Hadzhi Vlasaki Chohadzhiyata House, Plovdiv",revival,Възраждане,Възраждане,Bulgarian Revival,era,не е идентифициран в текущия публичен източник,not identified in the current public source,not_identified,42.14972222,24.75138889,,,,,,source-wikidata-hadzhi-vlasaki-chohadzhiyata-house-plovdiv|source-wikimedia-commons-plovdiv-2020-08-hadzivlasakicohadzijatahouse01-jpg,needs_editorial_signoff
place-georgi-hadzhi-nikolaidi-house-plovdiv-q117573321,"Georgi hadzhi Nikolaidi House, Plovdiv","Georgi hadzhi Nikolaidi House, Plovdiv",revival,Възраждане,Възраждане,Bulgarian Revival,era,не е идентифициран в текущия публичен източник,not identified in the current public source,not_identified,42.14972,24.75194,,,,,,source-wikidata-georgi-hadzhi-nikolaidi-house-plovdiv|source-wikimedia-commons-georgi-hadzhi-nikolaidi-house-plovdiv006-jpg,needs_editorial_signoff
place-ovanes-stepanyan-house-plovdiv-q117727579,"Ovanes Stepanyan house, Plovdiv","Ovanes Stepanyan house, Plovdiv",revival,Възраждане,Възраждане,Bulgarian Revival,era,не е идентифициран в текущия публичен източник,not identified in the current public source,not_identified,42.15,24.75167,,,,,,source-wikidata-ovanes-stepanyan-house-plovdiv|source-wikimedia-commons-ovanesstepanyanhouse-plovdiv010-jpg,needs_editorial_signoff
place-georgi-pavliti-house-plovdiv-q105415800,"Georgi Pavliti House, Plovdiv","Georgi Pavliti House, Plovdiv",revival,Възраждане,Възраждане,Bulgarian Revival,era,не е идентифициран в текущия публичен източник,not identified in the current public source,not_identified,42.14916667,24.75416667,,,,,,source-wikidata-georgi-pavliti-house-plovdiv|source-wikimedia-commons-plovdiv-2020-08-pavlitihouse08-jpg,needs_editorial_signoff
place-house-of-kirkor-meserbovich-q29961194,Къща на Киркор Месробович,House of Kirkor Meserbovich,revival,Възраждане,1846 г.,1846,year,не е идентифициран в текущия публичен източник,not identified in the current public source,not_identified,42.15027778,24.75083333,,,,,,source-wikidata-house-of-kirkor-meserbovich|source-wikimedia-commons-tsanko-lavrenov-museum-exposition-jpg,needs_editorial_signoff
place-artin-gidikov-house-plovdiv-q104156256,Къща на Артин Гидиков,"Artin Gidikov House, Plovdiv",revival,Възраждане,1848 г.,1848,year,не е идентифициран в текущия публичен източник,not identified in the current public source,not_identified,42.15055555,24.75083333,,,,,,source-wikidata-artin-gidikov-house-plovdiv|source-wikimedia-commons-plovdiv-2020-09-kashtanaartingidikov01-jpg,needs_editorial_signoff
place-bakalova-house-plovdiv-q117750307,"Bakalova house, Plovdiv","Bakalova house, Plovdiv",revival,Възраждане,Възраждане,Bulgarian Revival,era,не е идентифициран в текущия публичен източник,not identified in the current public source,not_identified,42.15056,24.7525,,,,,,source-wikidata-bakalova-house-plovdiv|source-wikimedia-commons-bakalova-house-plovdiv011-jpg,needs_editorial_signoff
place-atanas-krastev-house-q118497751,Atanas Krastev House,Atanas Krastev House,revival,Възраждане,Възраждане,Bulgarian Revival,era,не е идентифициран в текущия публичен източник,not identified in the current public source,not_identified,42.15056,24.75278,,,,,,source-wikidata-atanas-krastev-house|source-wikimedia-commons-atanaskrastevhouse-plovdiv002-jpg,needs_editorial_signoff
place-kasandra-bayatova-house-plovdiv-q105622469,"Kasandra Bayatova House, Plovdiv","Kasandra Bayatova House, Plovdiv",revival,Възраждане,Възраждане,Bulgarian Revival,era,не е идентифициран в текущия публичен източник,not identified in the current public source,not_identified,42.150889,24.752861,,,,,,source-wikidata-kasandra-bayatova-house-plovdiv|source-wikimedia-commons-plovdiv-2021-02-kasandrabajatovahouse08-jpg,needs_editorial_signoff
place-house-with-nymphs-plovdiv-q117739724,"House with nymphs, Plovdiv","House with nymphs, Plovdiv",revival,Възраждане,Възраждане,Bulgarian Revival,era,не е идентифициран в текущия публичен източник,not identified in the current public source,not_identified,42.14806,24.74528,,,,,,source-wikidata-house-with-nymphs-plovdiv|source-wikimedia-commons-house-with-nymphs-plovdiv003-jpg,needs_editorial_signoff
place-house-with-the-locket-plovdiv-q113633922,"House with the locket, Plovdiv","House with the locket, Plovdiv",revival,Възраждане,Възраждане,Bulgarian Revival,era,не е идентифициран в текущия публичен източник,not identified in the current public source,not_identified,42.15111,24.7475,,,,,,source-wikidata-house-with-the-locket-plovdiv|source-wikimedia-commons-house-with-the-locket-plovdiv08-jpg,needs_editorial_signoff
place-georgi-yovchev-house-plovdiv-q117832121,"Georgi Yovchev house, Plovdiv","Georgi Yovchev house, Plovdiv",revival,Възраждане,Възраждане,Bulgarian Revival,era,не е идентифициран в текущия публичен източник,not identified in the current public source,not_identified,42.145,24.74417,,,,,,source-wikidata-georgi-yovchev-house-plovdiv|source-wikimedia-commons-georgiyovchevhouse-plovdiv011-jpg,needs_editorial_signoff
place-dragan-manchov-house-plovdiv-q117735725,"Dragan Manchov house, Plovdiv","Dragan Manchov house, Plovdiv",revival,Възраждане,Възраждане,Bulgarian Revival,era,не е идентифициран в текущия публичен източник,not identified in the current public source,not_identified,42.14861,24.74278,,,,,,source-wikidata-dragan-manchov-house-plovdiv|source-wikimedia-commons-draganmanchov-house-plovdiv001-jpg,needs_editorial_signoff
place-boris-hristov-house-of-culture-q60585662,Дом на културата „Борис Христов“,Boris Hristov House of Culture,revival,Възраждане,Възраждане,Bulgarian Revival,era,не е идентифициран в текущия публичен източник,not identified in the current public source,not_identified,42.142029,24.74295,,,,,,source-wikidata-boris-hristov-house-of-culture|source-wikimedia-commons-dom-na-kulturata-boris-hristov-jpg,needs_editorial_signoff
place-house-of-nikola-nedkovich-q29961368,Къща на Никола Недкович,House of Nikola Nedkovich,revival,Възраждане,1863 г.,1863,year,не е идентифициран в текущия публичен източник,not identified in the current public source,not_identified,42.1424,24.7812,,,,,,source-wikidata-house-of-nikola-nedkovich|source-wikimedia-commons-casa-nedkovich-1-5640619087-jpg,needs_editorial_signoff
place-sahabettin-imaret-mosque-q3409168,Шахбединова Имарет джамия,Şahabettin İmaret Mosque,ottoman,"Османски период, 1445 г.",1445 г.,1445,year,не е идентифициран в текущия публичен източник,not identified in the current public source,not_identified,42.152394,24.746673,,,,,,source-wikidata-sahabettin-imaret-mosque|source-wikimedia-commons-imaret-mosque-plovdiv-jpg,needs_editorial_signoff
place-st-dimitar-church-plovdiv-q12293159,Свети Димитър,"St. Dimitar Church, Plovdiv",religious,"Възраждане, 1838 г.",1838 г.,1838,year,не е идентифициран в текущия публичен източник,not identified in the current public source,not_identified,42.147635,24.751823,,,,,,source-wikidata-st-dimitar-church-plovdiv|source-wikimedia-commons-sv-dimitar-pld-jpg,needs_editorial_signoff
place-st-nedelya-church-q12293066,Света Неделя,St. Nedelya Church,religious,"Възраждане, 1832 г.",1832 г.,1832,year,архитект: Петко Боз,architect: Петко Боз,named,42.149466,24.754903,,,,,,source-wikidata-st-nedelya-church|source-wikimedia-commons-sv-nedelja-plovdiv-jpg,needs_editorial_signoff
place-evangelical-cathedral-plovdiv-q57275218,Евангелска съборна църква,"Evangelical Cathedral, Plovdiv",religious,"Модерен период, 1899 г.",1899 г.,1899,year,архитект: Георги Фингов,architect: Георги Фингов,named,42.14736111,24.74536111,,,,,,source-wikidata-evangelical-cathedral-plovdiv|source-wikimedia-commons-protestantchurchplovdiv-2-jpg,needs_editorial_signoff
place-jewish-cemetery-in-plovdiv-q64578596,Jewish Cemetery in Plovdiv,Jewish Cemetery in Plovdiv,religious,Модерен период,Модерен период,Modern period,era,не е идентифициран в текущия публичен източник,not identified in the current public source,not_identified,42.14777778,24.76555555,,,,,,source-wikidata-jewish-cemetery-in-plovdiv|source-wikimedia-commons-jewish-cemetery-in-plovdiv-b-jpg,needs_editorial_signoff
place-orthodox-church-ascension-of-the-lord-plovdiv-q105105506,"Orthodox Church Ascension of the Lord, Plovdiv","Orthodox Church Ascension of the Lord, Plovdiv",religious,Модерен период,Модерен период,Modern period,era,не е идентифициран в текущия публичен източник,not identified in the current public source,not_identified,42.1370537,24.7574344,,,,,,source-wikidata-orthodox-church-ascension-of-the-lord-plovdiv|source-wikimedia-commons-plovdiv-2020-08-orthodoxchurchascencion07-jpg,needs_editorial_signoff
place-st-haralampy-church-plovdiv-q63677241,St. Haralampy Church Plovdiv,St. Haralampy Church Plovdiv,religious,Модерен период,Модерен период,Modern period,era,не е идентифициран в текущия публичен източник,not identified in the current public source,not_identified,42.151,24.7346495,,,,,,source-wikidata-st-haralampy-church-plovdiv|source-wikimedia-commons-pld-03-17-svcharampilij01-jpg,needs_editorial_signoff
place-our-lady-of-lourdes-church-q29035428,Дева Мария Лурдска,Our Lady of Lourdes Church,religious,"Модерен период, 1909 г.",1909 г.,1909,year,не е идентифициран в текущия публичен източник,not identified in the current public source,not_identified,42.131661,24.751785,,,,,,source-wikidata-our-lady-of-lourdes-church|source-wikimedia-commons-tsarkva1-jpg,needs_editorial_signoff
place-saint-ivan-of-rila-church-q57601813,Свети Иван Рилски,Saint Ivan of Rila church,religious,"Модерен период, 1931 г.",1931 г.,1931,year,не е идентифициран в текущия публичен източник,not identified in the current public source,not_identified,42.160871,24.742083,,,,,,source-wikidata-saint-ivan-of-rila-church|source-wikimedia-commons-tsarkva2-jpg,needs_editorial_signoff
place-three-hills-tunnel-plovdiv-q70882697,Тунел под Трихълмието,"Three Hills tunnel, Plovdiv",hill,Географски хълм / исторически топос,1960 г.,1960,year,неприложимо за природен хълм/терен,not applicable for a natural hill or terrain feature,not_applicable,42.1475,24.75083333,,,,,,source-wikidata-three-hills-tunnel-plovdiv|source-wikimedia-commons-tunnel-plovdiv-jpg,needs_editorial_signoff
place-taksim-hill-in-plovdiv-q12295975,Таксим тепе,Taksim Hill in Plovdiv,hill,Географски хълм / исторически топос,Географски хълм / исторически топос,Historic hill / geographic landmark,era,неприложимо за природен хълм/терен,not applicable for a natural hill or terrain feature,not_applicable,42.147232,24.749859,,,,,,source-wikidata-taksim-hill-in-plovdiv|source-wikimedia-commons-pld-04-2019-taksimtepe01-jpg,needs_editorial_signoff
place-dzhambaz-hill-in-plovdiv-q12277962,Джамбаз тепе,Dzhambaz hill in Plovdiv,hill,Географски хълм / исторически топос,Географски хълм / исторически топос,Historic hill / geographic landmark,era,неприложимо за природен хълм/терен,not applicable for a natural hill or terrain feature,not_applicable,42.147178,24.752433,,,,archive-photo-dzhambaztepe-1892,then-now-dzhambaztepe-1892,source-wikidata-dzhambaz-hill-in-plovdiv|source-wikimedia-commons-dzhambaztepe-1892-jpg,needs_editorial_signoff
place-sahat-hill-in-plovdiv-q12293012,Сахат тепе,Sahat hill in Plovdiv,hill,Географски хълм / исторически топос,Географски хълм / исторически топос,Historic hill / geographic landmark,era,неприложимо за природен хълм/терен,not applicable for a natural hill or terrain feature,not_applicable,42.146581,24.74561,,,,archive-photo-ottoman-clock-tower-1936|archive-postcard-ottoman-clock-tower|archive-postcard-sahat-hill-1,then-now-ottoman-clock-tower-1936|then-now-ottoman-clock-tower|then-now-sahat-hill-1,source-wikidata-sahat-hill-in-plovdiv|source-wikimedia-commons-tower-from-old-town-plovdiv-jpg,needs_editorial_signoff
place-halm-na-osvoboditelite-q58079069,Хълм на освободителите,Хълм на освободителите,hill,Географски хълм / исторически топос,1996 г.,1996,year,неприложимо за природен хълм/терен,not applicable for a natural hill or terrain feature,not_applicable,42.14460555,24.73819722,,,,,,source-wikidata-halm-na-osvoboditelite|source-wikimedia-commons-bunardzik-jpg,needs_editorial_signoff
place-djakov-house-plovdiv-q44412888,Джаковата къща,"Djakov House, Plovdiv",civic,"Модерен период, 1925 г.",1925 г.,1925,year,не е идентифициран в текущия публичен източник,not identified in the current public source,not_identified,42.14666667,24.75166667,,,,,,source-wikidata-djakov-house-plovdiv|source-wikimedia-commons-klinika-na-tretiya-etazh-jpg,needs_editorial_signoff
place-academy-of-music-dance-and-fine-arts-q12271285,"Академия за музикално, танцово и изобразително изкуство","Academy of Music, Dance and Fine Arts",civic,"Модерен период, 1964 г.",1964 г.,1964,year,не е идентифициран в текущия публичен източник,not identified in the current public source,not_identified,42.14761,24.751005,,,,,,source-wikidata-academy-of-music-dance-and-fine-arts|source-wikimedia-commons-amtii-pan-2-jpg,needs_editorial_signoff
place-yellow-school-in-plovdiv-q60728884,Жълто училище,Yellow school in Plovdiv,civic,Модерен период,Модерен период,Modern period,era,не е идентифициран в текущия публичен източник,not identified in the current public source,not_identified,42.147566,24.751724,,,,,,source-wikidata-yellow-school-in-plovdiv|source-wikimedia-commons-amtii-pan-2-part-jpg,needs_editorial_signoff
place-st-marina-plovdiv-q12293062,Света Марина,"St. Marina, Plovdiv",civic,"Модерен период, 1851 г.",1851 г.,1851,year,не е идентифициран в текущия публичен източник,not identified in the current public source,not_identified,42.146189,24.750561,,,,,,source-wikidata-st-marina-plovdiv|source-wikimedia-commons-sveta-marina-plovdiv-jpg,needs_editorial_signoff
place-encho-pironkov-gallery-q12287461,"Музейна експозиция ""Енчо Пиронков""",Encho Pironkov Gallery,civic,Модерен период,Модерен период,Modern period,era,не е идентифициран в текущия публичен източник,not identified in the current public source,not_identified,42.14861111,24.75111111,,,,,,source-wikidata-encho-pironkov-gallery|source-wikimedia-commons-encho-pironkov-gallery-plovdiv-jpg,needs_editorial_signoff
place-hippocrates-pharmacy-plovdiv-q113632624,"Hippocrates pharmacy, Plovdiv","Hippocrates pharmacy, Plovdiv",civic,Модерен период,Модерен период,Modern period,era,не е идентифициран в текущия публичен източник,not identified in the current public source,not_identified,42.14861,24.75167,,,,,,source-wikidata-hippocrates-pharmacy-plovdiv|source-wikimedia-commons-drsotirantoniadihouse-plovdiv03-jpg,needs_editorial_signoff
place-sveta-petka-stara-q12293078,Света Петка Стара,Света Петка Стара,civic,"Модерен период, 1836 г.",1836 г.,1836,year,не е идентифициран в текущия публичен източник,not identified in the current public source,not_identified,42.14639,24.75354,,,,,,source-wikidata-sveta-petka-stara|source-wikimedia-commons-plovdiv-1-jpg,needs_editorial_signoff
place-georgi-bojilov-house-museum-q20497770,Къща музей „Георги Божилов – Слона“,Georgi Bojilov House-Museum,civic,"Модерен период, 2013 г.",2013 г.,2013,year,не е идентифициран в текущия публичен източник,not identified in the current public source,not_identified,42.148788,24.75226,,,,,,source-wikidata-georgi-bojilov-house-museum|source-wikimedia-commons-georgibojilovhouse1-jpg,needs_editorial_signoff
place-monday-market-in-plovdiv-q60242590,Понеделник пазар,Monday Market in Plovdiv,civic,Модерен период,Модерен период,Modern period,era,не е идентифициран в текущия публичен източник,not identified in the current public source,not_identified,42.145459,24.753324,,,,,,source-wikidata-monday-market-in-plovdiv|source-wikimedia-commons-monday-market-in-plovdiv-jpg,needs_editorial_signoff
place-dzhumaya-square-q59368698,Римски стадион,Dzhumaya square,civic,Модерен период,Модерен период,Modern period,era,не е идентифициран в текущия публичен източник,not identified in the current public source,not_identified,42.14779,24.747975,,,,archive-postcard-dzhumaya-square-1|archive-postcard-dzhumaya-square-2|archive-postcard-dzhumaya-square-3,then-now-dzhumaya-square-1|then-now-dzhumaya-square-2|then-now-dzhumaya-square-3,source-wikidata-dzhumaya-square|source-wikimedia-commons-plovdiv-bulgarien-019-jpg,needs_editorial_signoff
place-zlatyu-boyadzhiev-exposition-q12291130,Постоянна експозиция „Народен художник Златю Бояджиев“,Zlatyu Boyadzhiev Exposition,civic,"Модерен период, 1984 г.",1984 г.,1984,year,не е идентифициран в текущия публичен източник,not identified in the current public source,not_identified,42.149157,24.752597,,,,,,source-wikidata-zlatyu-boyadzhiev-exposition|source-wikimedia-commons-zlatyu-boyadzhiev-exposition-plovdiv-jpg,needs_editorial_signoff
place-drama-theatre-n-o-masalitinov-q12279120,Драматичен театър „Н. О. Масалитинов“,Drama Theatre N. O. Masalitinov,civic,Модерен период,Модерен период,Modern period,era,не е идентифициран в текущия публичен източник,not identified in the current public source,not_identified,42.14502,24.74891,,,,,,source-wikidata-drama-theatre-n-o-masalitinov|source-wikimedia-commons-glavnata2-jpg,needs_editorial_signoff
place-kino-balkan-q105664675,Балкан,Kino Balkan,civic,Модерен период,Модерен период,Modern period,era,не е идентифициран в текущия публичен източник,not identified in the current public source,not_identified,42.14468465,24.74920548,,,,archive-photo-balkan-cinema-plovdiv,then-now-balkan-cinema-plovdiv,source-wikidata-kino-balkan|source-wikimedia-commons-plovdiv-2021-02-kinobalkan01-jpg,needs_editorial_signoff
place-balabanov-house-q12272873,Балабанова къща,Balabanov house,civic,"Модерен период, 1900 г.",1900 г.,1900,year,не е идентифициран в текущия публичен източник,not identified in the current public source,not_identified,42.14972222,24.75166667,,,,,,source-wikidata-balabanov-house|source-wikimedia-commons-plovdiv-old-city-jpg,needs_editorial_signoff
place-hindliyan-house-q19810343,Къща Хиндлиян,Hindliyan house,civic,"Модерен период, 1900 г.",1900 г.,1900,year,не е идентифициран в текущия публичен източник,not identified in the current public source,not_identified,42.149952,24.751282,,,,,,source-wikidata-hindliyan-house|source-wikimedia-commons-casa-hindliyan-01-5641181670-jpg,needs_editorial_signoff
place-stefan-stambolov-square-plovdiv-q59441964,Стефан Стамболов,"Stefan Stambolov square, Plovdiv",civic,Модерен период,Модерен период,Modern period,era,не е идентифициран в текущия публичен източник,not identified in the current public source,not_identified,42.144165,24.748975,,,,,,source-wikidata-stefan-stambolov-square-plovdiv|source-wikimedia-commons-fontan-plovdiv-jpg,needs_editorial_signoff
place-kapana-q12282547,Капана,Kapana,civic,Модерен период,Модерен период,Modern period,era,не е идентифициран в текущия публичен източник,not identified in the current public source,not_identified,42.149843,24.748657,,,,,,source-wikidata-kapana|source-wikimedia-commons-plovdiv119-jpg,needs_editorial_signoff
place-jewish-cultural-centre-shalom-aleichem-plovdiv-q113559164,"Jewish cultural centre Shalom Aleichem, Plovdiv","Jewish cultural centre Shalom Aleichem, Plovdiv",civic,Модерен период,Модерен период,Modern period,era,не е идентифициран в текущия публичен източник,not identified in the current public source,not_identified,42.14806,24.74556,,,,,,source-wikidata-jewish-cultural-centre-shalom-aleichem-plovdiv|source-wikimedia-commons-jewish-cultural-centre-shalom-aleichem-plovdiv3-jpg,needs_editorial_signoff
place-grain-market-square-in-plovdiv-q60227632,Житен пазар,Grain Market Square in Plovdiv,civic,Модерен период,Модерен период,Modern period,era,не е идентифициран в текущия публичен източник,not identified in the current public source,not_identified,42.151195,24.754734,,,,,,source-wikidata-grain-market-square-in-plovdiv|source-wikimedia-commons-grain-market-square-in-plovdiv-jpg,needs_editorial_signoff
place-22nd-of-september-square-plovdiv-q60221662,22 септември,"22nd of September Square, Plovdiv",civic,Модерен период,Модерен период,Modern period,era,не е идентифициран в текущия публичен източник,not identified in the current public source,not_identified,42.14425889,24.74519694,,,,,,source-wikidata-22nd-of-september-square-plovdiv|source-wikimedia-commons-twenty-second-of-september-square-in-plovdiv-jpg,needs_editorial_signoff
place-11th-of-may-square-plovdiv-q60206648,11 май,"11th of May Square, Plovdiv",civic,Модерен период,Модерен период,Modern period,era,не е идентифициран в текущия публичен източник,not identified in the current public source,not_identified,42.15247222,24.74869444,,,,,,source-wikidata-11th-of-may-square-plovdiv|source-wikimedia-commons-eleventh-of-may-square-plovdiv-jpg,needs_editorial_signoff
place-pravoslavna-duhovna-akademiya-sv-sv-kiril-i-metodiy-q19706780,Православна духовна академия „Св. св. Кирил и Методий“,Православна духовна академия „Св. св. Кирил и Методий“,civic,Модерен период,Модерен период,Modern period,era,не е идентифициран в текущия публичен източник,not identified in the current public source,not_identified,42.15275389,24.75152396,,,,,,source-wikidata-pravoslavna-duhovna-akademiya-sv-sv-kiril-i-metodiy|source-wikimedia-commons-st-st-kiril-and-methodii-seminary-in-plovdiv-jpg,needs_editorial_signoff
place-tzar-simeon-garden-q12298697,Цар Симеонова градина,Tzar Simeon Garden,civic,"Модерен период, 1892 г.",1892 г.,1892,year,не е идентифициран в текущия публичен източник,not identified in the current public source,not_identified,42.14194722,24.74719722,,,,archive-postcard-tsar-simeon-garden-1915|archive-photo-princes-garden-plovdiv,then-now-tsar-simeon-garden-1915|then-now-princes-garden-plovdiv,source-wikidata-tzar-simeon-garden|source-wikimedia-commons-tzar-simeon-garden-plovdiv-2012-04-jpg,needs_editorial_signoff
place-trimontsium-hotel-in-plovdiv-q60318638,Тримонциум,Trimontsium Hotel in Plovdiv,civic,"Модерен период, 1956 г.",1956 г.,1956,year,не е идентифициран в текущия публичен източник,not identified in the current public source,not_identified,42.141059,24.751106,,,,archive-photo-trimontium-view-1958,then-now-trimontium-view-1958,source-wikidata-trimontsium-hotel-in-plovdiv|source-wikimedia-commons-plovdiv-princess-road-imagesfrombulgaria-jpg,needs_editorial_signoff
place-city-garden-dondukova-garden-q12279001,Градска градина от 1878 (Дондукова градина),City garden (Dondukova Garden),civic,"Модерен период, 1878 г.",1878 г.,1878,year,не е идентифициран в текущия публичен източник,not identified in the current public source,not_identified,42.14954444,24.74339722,,,,,,source-wikidata-city-garden-dondukova-garden|source-wikimedia-commons-alley-in-dondukova-garden-plovdiv-bulgaria-05-jpg,needs_editorial_signoff
place-unification-square-plovdiv-q58885892,Съединение,"Unification square, Plovdiv",civic,"Модерен период, 1985 г.",1985 г.,1985,year,не е идентифициран в текущия публичен източник,not identified in the current public source,not_identified,42.151294,24.744439,,,,,,source-wikidata-unification-square-plovdiv|source-wikimedia-commons-monument-of-the-unification-jpg,needs_editorial_signoff
place-panair-han-q60394704,Панаир хан,Панаир хан,civic,"Модерен период, 1500 г.",1500 г.,1500,year,не е идентифициран в текущия публичен източник,not identified in the current public source,not_identified,42.153047,24.745588,,,,,,source-wikidata-panair-han|source-wikimedia-commons-basa-3k-7-327-27-international-fair-plovdiv-1892-jpg,needs_editorial_signoff
place-orta-mezar-q37813975,Орта мезар,Orta mezar,civic,Модерен период,Модерен период,Modern period,era,не е идентифициран в текущия публичен източник,not identified in the current public source,not_identified,42.149282,24.741285,,,,,,source-wikidata-orta-mezar|source-wikimedia-commons-pb-ortamezar004-jpg,needs_editorial_signoff
place-german-school-in-plovdiv-q98054499,Немско училище,German school in Plovdiv,civic,"Модерен период, 1901 г.",1901 г.,1901,year,не е идентифициран в текущия публичен източник,not identified in the current public source,not_identified,42.139444,24.748333,,,,archive-postcard-german-school-1928,then-now-german-school-1928,source-wikidata-german-school-in-plovdiv|source-wikimedia-commons-the-german-school-plovdiv-1928-jpg,needs_editorial_signoff
place-natsionalno-uchilishte-za-muzikalno-i-tantsovo-izkustvo-dobrin-petkov-q12297325,"Национално училище за музикално и танцово изкуство ""Добрин Петков""",Natsionalno Uchilishte Za Muzikalno I Tantsovo Izkustvo Dobrin Petkov,civic,"Модерен период, 1945 г.",1945 г.,1945,year,не е идентифициран в текущия публичен източник,not identified in the current public source,not_identified,42.139336,24.748375,,,,,,source-wikidata-natsionalno-uchilishte-za-muzikalno-i-tantsovo-izkustvo-dobrin-petkov|source-wikimedia-commons-numti-dobrin-petkov-jpg,needs_editorial_signoff
place-fairground-bridge-q56613441,Моста на Панаира,Fairground Bridge,civic,"Модерен период, 1960 г.",1960 г.,1960,year,не е идентифициран в текущия публичен източник,not identified in the current public source,not_identified,42.15494444,24.74966667,,,,,,source-wikidata-fairground-bridge|source-wikimedia-commons-maritsa-panoramio-jpg,needs_editorial_signoff
place-tsanko-lavrenov-national-high-school-of-art-plovdiv-q12287929,"Национална художествена гимназия ""Цанко Лавренов""","Tsanko Lavrenov National High School of Art, Plovdiv",civic,"Модерен период, 1976 г.",1976 г.,1976,year,не е идентифициран в текущия публичен източник,not identified in the current public source,not_identified,42.15166667,24.74055556,,,,,,source-wikidata-tsanko-lavrenov-national-high-school-of-art-plovdiv|source-wikimedia-commons-tsanko-lavrenov-national-high-school-of-art-plovdiv-jpg,needs_editorial_signoff
place-professional-high-school-of-interior-architecture-and-woodworking-q12291596,Професионална гимназия по вътрешна архитектура и дървообработване,Professional High School of Interior Architecture and Woodworking,civic,Модерен период,Модерен период,Modern period,era,не е идентифициран в текущия публичен източник,not identified in the current public source,not_identified,42.142297,24.740111,,,,,,source-wikidata-professional-high-school-of-interior-architecture-and-woodworking|source-wikimedia-commons-professional-school-of-interior-architecture-and-woodworking-p,needs_editorial_signoff
place-bunardzhik-q12274023,Бунарджик,Bunardzhik,civic,Модерен период,Модерен период,Modern period,era,не е идентифициран в текущия публичен източник,not identified in the current public source,not_identified,42.144606,24.738199,,,,,,source-wikidata-bunardzhik|source-wikimedia-commons-bunardzik-jpg,needs_editorial_signoff
place-st-archangel-michael-plovdiv-q28055288,Свети Архангел Михаил,"St. Archangel Michael, Plovdiv",civic,"Модерен период, 1882 г.",1882 г.,1882,year,не е идентифициран в текущия публичен източник,not identified in the current public source,not_identified,42.14844444,24.76522222,,,,,,source-wikidata-st-archangel-michael-plovdiv|source-wikimedia-commons-st-archangel-michael-plovdiv-jpg,needs_editorial_signoff
place-naycho-tsanov-boulevard-in-plovdiv-q31192970,Найчо Цанов,Naycho Tsanov Boulevard in Plovdiv,civic,Модерен период,Модерен период,Modern period,era,не е идентифициран в текущия публичен източник,not identified in the current public source,not_identified,42.1364,24.7526,,,,,,source-wikidata-naycho-tsanov-boulevard-in-plovdiv|source-wikimedia-commons-naycho-tsanov-boulevard-in-plovdiv-jpg,needs_editorial_signoff
place-hospital-st-josif-plovdiv-q27048499,Свети Йосиф,"Hospital St Josif, Plovdiv",civic,"Модерен период, 1881 г.",1881 г.,1881,year,не е идентифициран в текущия публичен източник,not identified in the current public source,not_identified,42.13683333,24.75638889,,,,archive-photo-chirpan-earthquake-st-josif-1928,then-now-chirpan-earthquake-st-josif-1928,source-wikidata-hospital-st-josif-plovdiv|source-wikimedia-commons-hospital-st-josif-plovdiv-jpg,needs_editorial_signoff
place-gerdzhika-bridge-q56636017,Герджика,Gerdzhika Bridge,civic,Модерен период,Модерен период,Modern period,era,не е идентифициран в текущия публичен източник,not identified in the current public source,not_identified,42.15347,24.738627,,,,archive-postcard-gerdjica-1931|archive-postcard-old-bridge-gerdjika-1930s,then-now-gerdjica-1931|then-now-old-bridge-gerdjika-1930s,source-wikidata-gerdzhika-bridge|source-wikimedia-commons-maritza-river-panoramio-jpg,needs_editorial_signoff
place-marasha-q12285874,Мараша,Marasha,civic,Модерен период,Модерен период,Modern period,era,не е идентифициран в текущия публичен източник,not identified in the current public source,not_identified,42.150352,24.73582,,,,,,source-wikidata-marasha|source-wikimedia-commons-basa-1735k-1-345-1-post-card-from-plovdiv-1900-jpg,needs_editorial_signoff
place-ivan-vazov-street-q58177011,Иван Вазов (улица),Ivan Vazov (street),civic,Модерен период,Модерен период,Modern period,era,не е идентифициран в текущия публичен източник,not identified in the current public source,not_identified,42.13624,24.742525,,,,,,source-wikidata-ivan-vazov-street|source-wikimedia-commons-plovdiv-bulgaria-street-view-jpg,needs_editorial_signoff
place-secondary-school-ekzarh-antim-i-q106329286,"ОУ ""Екзарх Антим І""",Secondary School Ekzarh Antim I,civic,Модерен период,Модерен период,Modern period,era,не е идентифициран в текущия публичен източник,not identified in the current public source,not_identified,42.1407,24.7365,,,,,,source-wikidata-secondary-school-ekzarh-antim-i|source-wikimedia-commons-exarch-antim-first-school-in-plovdiv-jpg,needs_editorial_signoff
place-russian-boulevard-in-plovdiv-q58300426,Руски,Russian Boulevard in Plovdiv,civic,Модерен период,Модерен период,Modern period,era,не е идентифициран в текущия публичен източник,not identified in the current public source,not_identified,42.1362,24.742,,,,,,source-wikidata-russian-boulevard-in-plovdiv|source-wikimedia-commons-russian-boulevard-in-plovdiv-jpg,needs_editorial_signoff
place-vasil-aprilov-boulevard-in-plovdiv-q31192975,Васил Априлов,Vasil Aprilov Boulevard in Plovdiv,civic,Модерен период,Модерен период,Modern period,era,не е идентифициран в текущия публичен източник,not identified in the current public source,not_identified,42.1363,24.7417,,,,,,source-wikidata-vasil-aprilov-boulevard-in-plovdiv|source-wikimedia-commons-vasil-aprilov-boulevard-in-plovdiv-1-jpg,needs_editorial_signoff
place-st-kliment-ohridski-school-plovdiv-q62022460,Средно училище „Св. Климент Охридски“,"St. Kliment Ohridski School, Plovdiv",civic,Модерен период,Модерен период,Modern period,era,не е идентифициран в текущия публичен източник,not identified in the current public source,not_identified,42.136908,24.739579,,,,,,source-wikidata-st-kliment-ohridski-school-plovdiv|source-wikimedia-commons-st-kliment-ohridski-school-plovdiv-1-jpg,needs_editorial_signoff
place-adata-bridge-plovdiv-q56616556,Адата,"Adata Bridge, Plovdiv",civic,Модерен период,Модерен период,Modern period,era,не е идентифициран в текущия публичен източник,not identified in the current public source,not_identified,42.156254,24.765463,,,,,,source-wikidata-adata-bridge-plovdiv|source-wikimedia-commons-agata-bridge-plovdiv-jpg,needs_editorial_signoff
place-rhodope-overpass-in-plovdiv-q57069714,Родопи (надлез),Rhodope overpass in Plovdiv,civic,Модерен период,Модерен период,Modern period,era,не е идентифициран в текущия публичен източник,not identified in the current public source,not_identified,42.13285,24.755785,,,,,,source-wikidata-rhodope-overpass-in-plovdiv|source-wikimedia-commons-naycho-tsanov-boulevard-in-plovdiv-jpg,needs_editorial_signoff
place-park-sankt-peterburg-hotel-q60324839,Санкт Петербург,Park Sankt Peterburg Hotel,civic,"Модерен период, 1981 г.",1981 г.,1981,year,не е идентифициран в текущия публичен източник,not identified in the current public source,not_identified,42.157956,24.735337,,,,,,source-wikidata-park-sankt-peterburg-hotel|source-wikimedia-commons-neka-jpg,needs_editorial_signoff
place-green-bridge-in-plovdiv-q56632059,Зелен мост,Green Bridge in Plovdiv,civic,"Модерен период, 1977 г.",1977 г.,1977,year,не е идентифициран в текущия публичен източник,not identified in the current public source,not_identified,42.153247,24.731085,,,,,,source-wikidata-green-bridge-in-plovdiv|source-wikimedia-commons-green-bridge-in-plovdiv-jpg,needs_editorial_signoff
place-brezovsko-shose-in-plovdiv-q60402282,Брезовско шосе,Brezovsko shose in Plovdiv,civic,Модерен период,Модерен период,Modern period,era,не е идентифициран в текущия публичен източник,not identified in the current public source,not_identified,42.163237,24.748174,,,,,,source-wikidata-brezovsko-shose-in-plovdiv|source-wikimedia-commons-ribnica-roundabout-in-plovdiv-jpg,needs_editorial_signoff
place-zala-stroitel-q61115940,Зала Строител,Зала Строител,civic,Модерен период,Модерен период,Modern period,era,не е идентифициран в текущия публичен източник,not identified in the current public source,not_identified,42.16472222,24.74388889,,,,,,source-wikidata-zala-stroitel|source-wikimedia-commons-stroitel-hall-in-plovdiv-jpg,needs_editorial_signoff
